row_no,column,error,value
15,name,Missing required value,
27,name,Missing required value,
35,name,Missing required value,
41,name,Missing required value,
58,name,Missing required value,
65,name,Missing required value,
89,name,Missing required value,
96,name,Missing required value,
103,name,Missing required value,
108,name,Missing required value,
139,name,Missing required value,
148,name,Missing required value,
155,name,Missing required value,
174,name,Missing required value,
231,name,Missing required value,
238,name,Missing required value,
318,name,Missing required value,
375,name,Missing required value,
396,name,Missing required value,
408,name,Missing required value,
427,name,Missing required value,
446,name,Missing required value,
454,name,Missing required value,
469,name,Missing required value,
485,name,Missing required value,
502,name,Missing required value,
511,name,Missing required value,
513,name,Missing required value,
540,name,Missing required value,
541,name,Missing required value,
571,name,Missing required value,
579,name,Missing required value,
597,name,Missing required value,
613,name,Missing required value,
667,name,Missing required value,
715,name,Missing required value,
718,name,Missing required value,
753,name,Missing required value,
814,name,Missing required value,
829,name,Missing required value,
839,name,Missing required value,
843,name,Missing required value,
850,name,Missing required value,
861,name,Missing required value,
923,name,Missing required value,
927,name,Missing required value,
966,name,Missing required value,
1044,name,Missing required value,
1057,name,Missing required value,
1076,name,Missing required value,
1078,name,Missing required value,
1085,name,Missing required value,
1094,name,Missing required value,
1096,name,Missing required value,
1100,name,Missing required value,
1119,name,Missing required value,
1126,name,Missing required value,
1157,name,Missing required value,
1160,name,Missing required value,
1186,name,Missing required value,
1200,name,Missing required value,
1218,name,Missing required value,
1252,name,Missing required value,
1294,name,Missing required value,
1298,name,Missing required value,
1323,name,Missing required value,
1324,name,Missing required value,
1379,name,Missing required value,
1386,name,Missing required value,
1391,name,Missing required value,
1440,name,Missing required value,
1444,name,Missing required value,
1448,name,Missing required value,
1454,name,Missing required value,
1467,name,Missing required value,
1483,name,Missing required value,
1486,name,Missing required value,
1518,name,Missing required value,
1546,name,Missing required value,
18,age,Out of range (18-100),103.0
35,age,Out of range (18-100),102.0
47,age,Out of range (18-100),16.0
87,age,Out of range (18-100),105.0
94,age,Out of range (18-100),104.0
98,age,Out of range (18-100),17.0
103,age,Out of range (18-100),15.0
114,age,Out of range (18-100),17.0
115,age,Out of range (18-100),101.0
143,age,Out of range (18-100),102.0
150,age,Out of range (18-100),104.0
165,age,Out of range (18-100),104.0
169,age,Out of range (18-100),102.0
197,age,Out of range (18-100),17.0
218,age,Out of range (18-100),102.0
219,age,Out of range (18-100),105.0
238,age,Out of range (18-100),17.0
243,age,Out of range (18-100),17.0
264,age,Out of range (18-100),16.0
328,age,Out of range (18-100),102.0
352,age,Out of range (18-100),15.0
395,age,Out of range (18-100),102.0
397,age,Out of range (18-100),15.0
402,age,Out of range (18-100),101.0
428,age,Out of range (18-100),101.0
436,age,Out of range (18-100),105.0
458,age,Out of range (18-100),104.0
459,age,Out of range (18-100),16.0
461,age,Out of range (18-100),103.0
485,age,Out of range (18-100),16.0
516,age,Out of range (18-100),105.0
518,age,Out of range (18-100),16.0
532,age,Out of range (18-100),17.0
613,age,Out of range (18-100),105.0
641,age,Out of range (18-100),102.0
713,age,Out of range (18-100),104.0
720,age,Out of range (18-100),17.0
779,age,Out of range (18-100),16.0
795,age,Out of range (18-100),15.0
827,age,Out of range (18-100),103.0
874,age,Out of range (18-100),17.0
884,age,Out of range (18-100),101.0
914,age,Out of range (18-100),101.0
915,age,Out of range (18-100),15.0
916,age,Out of range (18-100),105.0
921,age,Out of range (18-100),15.0
946,age,Out of range (18-100),102.0
990,age,Out of range (18-100),105.0
1070,age,Out of range (18-100),105.0
1081,age,Out of range (18-100),102.0
1082,age,Out of range (18-100),104.0
1126,age,Out of range (18-100),17.0
1163,age,Out of range (18-100),104.0
1186,age,Out of range (18-100),102.0
1195,age,Out of range (18-100),103.0
1217,age,Out of range (18-100),15.0
1235,age,Out of range (18-100),17.0
1244,age,Out of range (18-100),103.0
1245,age,Out of range (18-100),101.0
1251,age,Out of range (18-100),17.0
1259,age,Out of range (18-100),17.0
1289,age,Out of range (18-100),105.0
1306,age,Out of range (18-100),15.0
1307,age,Out of range (18-100),17.0
1308,age,Out of range (18-100),104.0
1333,age,Out of range (18-100),17.0
1342,age,Out of range (18-100),101.0
1346,age,Out of range (18-100),105.0
1401,age,Out of range (18-100),17.0
1406,age,Out of range (18-100),105.0
1413,age,Out of range (18-100),105.0
1424,age,Out of range (18-100),105.0
1434,age,Out of range (18-100),103.0
1469,age,Out of range (18-100),103.0
1547,age,Out of range (18-100),16.0
2,email,Invalid pattern,deepak.mishra@yahoo
6,email,Invalid pattern,deepak.mishra@outlook
8,email,Invalid pattern,divya.nair@outlook
10,email,Invalid pattern,neha.sharma@
13,email,Invalid pattern,karan.mehta@yahoo
14,email,Invalid pattern,
15,email,Invalid pattern,
17,email,Invalid pattern,aditya.kumarexample
18,email,Invalid pattern,user3951@outlook
19,email,Invalid pattern,user1782@yahoo
21,email,Invalid pattern,suresh.pillai@yahoo
22,email,Invalid pattern,priya.das@yahoo
26,email,Invalid pattern,neha.sharma@outlook
30,email,Invalid pattern,rajesh.verma@outlook
32,email,Invalid pattern,alok.jain@outlook
33,email,Invalid pattern,meena.deviexample
34,email,Invalid pattern,deepak.mishra.com
35,email,Invalid pattern,
39,email,Invalid pattern,sneha.reddy@outlook
40,email,Invalid pattern,deepak.mishra@outlook
43,email,Invalid pattern,suresh.pillai@yahoo
44,email,Invalid pattern,ravi.patel@outlook
46,email,Invalid pattern,ravi.patel.com
48,email,Invalid pattern,priya.das@outlook
49,email,Invalid pattern,priya.das@yahoo
52,email,Invalid pattern,neha.sharma
55,email,Invalid pattern,vikram.singh@example
57,email,Invalid pattern,sneha.reddy@yahoo
59,email,Invalid pattern,sunita.singh@outlook
61,email,Invalid pattern,aman.guptaexample
63,email,Invalid pattern,sneha.reddy.com
65,email,Invalid pattern,user9033@yahoo
69,email,Invalid pattern,user9889@outlook
70,email,Invalid pattern,divya.nair@
71,email,Invalid pattern,aman.gupta@outlook
72,email,Invalid pattern,rajesh.verma@yahoo
74,email,Invalid pattern,ananya.roy@yahoo
75,email,Invalid pattern,vikram.singh
77,email,Invalid pattern,aditya.kumar@example
78,email,Invalid pattern,alok.jain@
81,email,Invalid pattern,neha.sharma
88,email,Invalid pattern,meena.devi@outlook
89,email,Invalid pattern,
92,email,Invalid pattern,divya.nair@outlook
93,email,Invalid pattern,ravi.patel@outlook
95,email,Invalid pattern,meena.devi@outlook
97,email,Invalid pattern,karan.mehta@yahoo
99,email,Invalid pattern,
100,email,Invalid pattern,karan.mehta
101,email,Invalid pattern,sunita.singh@yahoo
102,email,Invalid pattern,sneha.reddy@
106,email,Invalid pattern,suresh.pillai@yahoo
107,email,Invalid pattern,suresh.pillai@yahoo
110,email,Invalid pattern,sneha.reddy@yahoo
113,email,Invalid pattern,sneha.reddy@yahoo
116,email,Invalid pattern,
117,email,Invalid pattern,rajiv.tandon@yahoo
118,email,Invalid pattern,aditya.kumar@
119,email,Invalid pattern,rajesh.verma@outlook
121,email,Invalid pattern,
122,email,Invalid pattern,sneha.reddyexample
125,email,Invalid pattern,deepak.mishra@outlook
127,email,Invalid pattern,aditya.kumar
128,email,Invalid pattern,aditya.kumarexample
131,email,Invalid pattern,meena.devi@
132,email,Invalid pattern,suresh.pillai@yahoo
133,email,Invalid pattern,manish.patel@yahoo
134,email,Invalid pattern,priya.das@
136,email,Invalid pattern,meena.devi@yahoo
137,email,Invalid pattern,ravi.patel@yahoo
138,email,Invalid pattern,rajesh.verma@outlook
140,email,Invalid pattern,neha.sharma@
142,email,Invalid pattern,karan.mehta@outlook
143,email,Invalid pattern,rahul.yadav@outlook
144,email,Invalid pattern,vikram.singh@outlook
147,email,Invalid pattern,aditya.kumar@outlook
148,email,Invalid pattern,
150,email,Invalid pattern,meena.devi
151,email,Invalid pattern,
153,email,Invalid pattern,aditya.kumar@example
155,email,Invalid pattern,
157,email,Invalid pattern,aditya.kumar
158,email,Invalid pattern,ravi.patel.com
160,email,Invalid pattern,sneha.reddy
162,email,Invalid pattern,rahul.yadav@yahoo
163,email,Invalid pattern,alok.jain.com
164,email,Invalid pattern,aman.gupta@
165,email,Invalid pattern,pooja.sharma.com
169,email,Invalid pattern,karan.mehta@yahoo
170,email,Invalid pattern,karan.mehta@yahoo
172,email,Invalid pattern,karan.mehta
173,email,Invalid pattern,ananya.roy@outlook
174,email,Invalid pattern,user5705@yahoo
176,email,Invalid pattern,sneha.reddy@outlook
178,email,Invalid pattern,meena.devi@example
182,email,Invalid pattern,sneha.reddy.com
183,email,Invalid pattern,deepak.mishra@outlook
184,email,Invalid pattern,alok.jain@yahoo
186,email,Invalid pattern,ravi.patel@outlook
188,email,Invalid pattern,sneha.reddy
189,email,Invalid pattern,sneha.reddy@
191,email,Invalid pattern,deepak.mishra@outlook
192,email,Invalid pattern,vikram.singh@outlook
195,email,Invalid pattern,sneha.reddy@outlook
196,email,Invalid pattern,ananya.roy
197,email,Invalid pattern,neha.sharma@yahoo
198,email,Invalid pattern,deepak.mishra@outlook
199,email,Invalid pattern,rajiv.tandon@yahoo
201,email,Invalid pattern,vikram.singh@yahoo
202,email,Invalid pattern,rajesh.verma@outlook
203,email,Invalid pattern,
204,email,Invalid pattern,ravi.patel
207,email,Invalid pattern,rajesh.vermaexample
209,email,Invalid pattern,ravi.patel@yahoo
211,email,Invalid pattern,suresh.pillai@outlook
213,email,Invalid pattern,neha.sharma@yahoo
214,email,Invalid pattern,karan.mehta@outlook
215,email,Invalid pattern,ravi.patel@yahoo
218,email,Invalid pattern,suresh.pillai@outlook
219,email,Invalid pattern,ravi.patel@outlook
220,email,Invalid pattern,priya.das@example
222,email,Invalid pattern,ananya.roy@outlook
223,email,Invalid pattern,priya.das
226,email,Invalid pattern,suresh.pillai@example
228,email,Invalid pattern,neha.sharma@yahoo
230,email,Invalid pattern,sunita.singh@yahoo
231,email,Invalid pattern,user5274@outlook
234,email,Invalid pattern,alok.jain@outlook
235,email,Invalid pattern,deepak.mishra@yahoo
238,email,Invalid pattern,
239,email,Invalid pattern,ananya.roy@outlook
240,email,Invalid pattern,rajesh.verma@yahoo
242,email,Invalid pattern,alok.jain@
244,email,Invalid pattern,priya.das@
245,email,Invalid pattern,rajesh.vermaexample
248,email,Invalid pattern,deepak.mishra@example
251,email,Invalid pattern,aman.gupta@
252,email,Invalid pattern,meena.devi@yahoo
253,email,Invalid pattern,manish.patel@example
259,email,Invalid pattern,aditya.kumar@outlook
260,email,Invalid pattern,meena.devi@
262,email,Invalid pattern,rajesh.verma@yahoo
265,email,Invalid pattern,suresh.pillai@outlook
266,email,Invalid pattern,
268,email,Invalid pattern,aman.gupta@example
269,email,Invalid pattern,rajiv.tandon@example
270,email,Invalid pattern,deepak.mishra@yahoo
271,email,Invalid pattern,priya.das@
275,email,Invalid pattern,rahul.yadav@yahoo
277,email,Invalid pattern,aman.gupta.com
278,email,Invalid pattern,rahul.yadav.com
279,email,Invalid pattern,aditya.kumar@yahoo
283,email,Invalid pattern,meena.devi@outlook
284,email,Invalid pattern,deepak.mishra@outlook
285,email,Invalid pattern,manish.patel@outlook
286,email,Invalid pattern,rahul.yadav@outlook
289,email,Invalid pattern,ravi.patel@yahoo
291,email,Invalid pattern,user8698@yahoo
293,email,Invalid pattern,priya.das@outlook
294,email,Invalid pattern,sneha.reddy@outlook
295,email,Invalid pattern,user5558@yahoo
296,email,Invalid pattern,rajiv.tandon@yahoo
297,email,Invalid pattern,suresh.pillai@yahoo
298,email,Invalid pattern,manish.patel.com
299,email,Invalid pattern,pooja.sharma@yahoo
300,email,Invalid pattern,user9842@outlook
301,email,Invalid pattern,suresh.pillai@example
302,email,Invalid pattern,manish.patelexample
306,email,Invalid pattern,user8758@yahoo
307,email,Invalid pattern,pooja.sharma@yahoo
311,email,Invalid pattern,neha.sharma@yahoo
312,email,Invalid pattern,rajesh.verma@outlook
315,email,Invalid pattern,user7566@yahoo
317,email,Invalid pattern,aman.gupta@yahoo
318,email,Invalid pattern,
322,email,Invalid pattern,ananya.roy@yahoo
323,email,Invalid pattern,ravi.patel
324,email,Invalid pattern,
325,email,Invalid pattern,neha.sharma@outlook
327,email,Invalid pattern,rahul.yadav@yahoo
332,email,Invalid pattern,
334,email,Invalid pattern,
337,email,Invalid pattern,deepak.mishra@example
339,email,Invalid pattern,pooja.sharma@outlook
341,email,Invalid pattern,
342,email,Invalid pattern,user1789@outlook
344,email,Invalid pattern,sneha.reddy@example
346,email,Invalid pattern,deepak.mishraexample
351,email,Invalid pattern,manish.patel@outlook
352,email,Invalid pattern,alok.jain.com
354,email,Invalid pattern,suresh.pillai@outlook
355,email,Invalid pattern,suresh.pillai@example
356,email,Invalid pattern,suresh.pillai@
357,email,Invalid pattern,sunita.singh@outlook
359,email,Invalid pattern,pooja.sharma@outlook
360,email,Invalid pattern,manish.patel.com
361,email,Invalid pattern,neha.sharma@outlook
362,email,Invalid pattern,sunita.singhexample
366,email,Invalid pattern,rahul.yadav
371,email,Invalid pattern,
374,email,Invalid pattern,aman.gupta@outlook
375,email,Invalid pattern,
376,email,Invalid pattern,manish.patel@outlook
377,email,Invalid pattern,
380,email,Invalid pattern,neha.sharma@outlook
384,email,Invalid pattern,user5045@yahoo
385,email,Invalid pattern,
388,email,Invalid pattern,aditya.kumar@yahoo
390,email,Invalid pattern,meena.devi@outlook
391,email,Invalid pattern,rajesh.verma@outlook
392,email,Invalid pattern,karan.mehta@yahoo
394,email,Invalid pattern,deepak.mishra@outlook
397,email,Invalid pattern,sunita.singh.com
400,email,Invalid pattern,ananya.royexample
401,email,Invalid pattern,deepak.mishra@yahoo
402,email,Invalid pattern,ravi.patel@yahoo
403,email,Invalid pattern,sneha.reddy@yahoo
404,email,Invalid pattern,
406,email,Invalid pattern,ananya.roy@yahoo
408,email,Invalid pattern,user3647@outlook
410,email,Invalid pattern,priya.das@yahoo
412,email,Invalid pattern,rajiv.tandon@outlook
413,email,Invalid pattern,rahul.yadav@outlook
415,email,Invalid pattern,aditya.kumar
416,email,Invalid pattern,manish.patel@yahoo
417,email,Invalid pattern,divya.nair@yahoo
419,email,Invalid pattern,manish.patel@yahoo
421,email,Invalid pattern,ananya.roy@
422,email,Invalid pattern,
423,email,Invalid pattern,
425,email,Invalid pattern,suresh.pillai@outlook
426,email,Invalid pattern,aditya.kumar@outlook
429,email,Invalid pattern,vikram.singh@yahoo
430,email,Invalid pattern,
432,email,Invalid pattern,ananya.roy@yahoo
433,email,Invalid pattern,divya.nair@outlook
436,email,Invalid pattern,priya.dasexample
437,email,Invalid pattern,manish.patel@yahoo
440,email,Invalid pattern,vikram.singh@outlook
441,email,Invalid pattern,pooja.sharma.com
445,email,Invalid pattern,deepak.mishra@yahoo
446,email,Invalid pattern,user2121@yahoo
456,email,Invalid pattern,neha.sharma@outlook
458,email,Invalid pattern,aditya.kumar.com
464,email,Invalid pattern,ananya.roy@example
467,email,Invalid pattern,aman.gupta@
470,email,Invalid pattern,rahul.yadav@yahoo
477,email,Invalid pattern,sneha.reddy@yahoo
479,email,Invalid pattern,priya.dasexample
480,email,Invalid pattern,
482,email,Invalid pattern,karan.mehta@
484,email,Invalid pattern,rajiv.tandonexample
485,email,Invalid pattern,user1607@outlook
486,email,Invalid pattern,rahul.yadav@yahoo
487,email,Invalid pattern,sneha.reddy.com
489,email,Invalid pattern,suresh.pillai@outlook
490,email,Invalid pattern,aman.gupta@yahoo
493,email,Invalid pattern,
495,email,Invalid pattern,user8101@outlook
497,email,Invalid pattern,deepak.mishra@example
501,email,Invalid pattern,suresh.pillai@yahoo
503,email,Invalid pattern,priya.das@outlook
506,email,Invalid pattern,rahul.yadav@yahoo
509,email,Invalid pattern,aman.gupta.com
510,email,Invalid pattern,deepak.mishra@yahoo
511,email,Invalid pattern,user2347@outlook
513,email,Invalid pattern,
514,email,Invalid pattern,deepak.mishra@yahoo
515,email,Invalid pattern,sneha.reddy@
518,email,Invalid pattern,sneha.reddy
519,email,Invalid pattern,alok.jain
520,email,Invalid pattern,sneha.reddy@example
521,email,Invalid pattern,ananya.roy@yahoo
522,email,Invalid pattern,pooja.sharma@yahoo
528,email,Invalid pattern,aman.gupta@yahoo
529,email,Invalid pattern,priya.das@
532,email,Invalid pattern,aditya.kumar@outlook
535,email,Invalid pattern,ananya.roy@yahoo
536,email,Invalid pattern,user7570@outlook
538,email,Invalid pattern,manish.patel@outlook
539,email,Invalid pattern,sunita.singh@outlook
540,email,Invalid pattern,
542,email,Invalid pattern,aman.gupta@outlook
543,email,Invalid pattern,user8632@outlook
547,email,Invalid pattern,
548,email,Invalid pattern,sunita.singhexample
553,email,Invalid pattern,neha.sharma@yahoo
557,email,Invalid pattern,pooja.sharma@yahoo
562,email,Invalid pattern,suresh.pillai@example
563,email,Invalid pattern,neha.sharma@yahoo
564,email,Invalid pattern,
567,email,Invalid pattern,karan.mehta
569,email,Invalid pattern,aditya.kumar@yahoo
570,email,Invalid pattern,sneha.reddy.com
571,email,Invalid pattern,
572,email,Invalid pattern,sunita.singh@yahoo
574,email,Invalid pattern,meena.devi@
575,email,Invalid pattern,manish.patel.com
576,email,Invalid pattern,priya.das@outlook
579,email,Invalid pattern,
583,email,Invalid pattern,
584,email,Invalid pattern,aman.gupta@outlook
586,email,Invalid pattern,rajiv.tandon
587,email,Invalid pattern,deepak.mishra.com
588,email,Invalid pattern,manish.patel@yahoo
591,email,Invalid pattern,suresh.pillai@example
594,email,Invalid pattern,rahul.yadav@outlook
595,email,Invalid pattern,aman.gupta@yahoo
596,email,Invalid pattern,divya.nair@yahoo
597,email,Invalid pattern,
598,email,Invalid pattern,ravi.patel
599,email,Invalid pattern,karan.mehta@
600,email,Invalid pattern,manish.patel
601,email,Invalid pattern,priya.das@outlook
603,email,Invalid pattern,neha.sharma.com
604,email,Invalid pattern,neha.sharma@yahoo
607,email,Invalid pattern,pooja.sharma@outlook
609,email,Invalid pattern,
610,email,Invalid pattern,user3564@yahoo
613,email,Invalid pattern,user6125@yahoo
614,email,Invalid pattern,neha.sharma@outlook
616,email,Invalid pattern,rajesh.verma@outlook
617,email,Invalid pattern,
620,email,Invalid pattern,divya.nair@yahoo
629,email,Invalid pattern,ravi.patel@outlook
631,email,Invalid pattern,deepak.mishra@outlook
633,email,Invalid pattern,ananya.roy
634,email,Invalid pattern,aditya.kumar.com
635,email,Invalid pattern,deepak.mishraexample
636,email,Invalid pattern,rajiv.tandon@outlook
637,email,Invalid pattern,ravi.patel@yahoo
638,email,Invalid pattern,rajesh.verma@yahoo
640,email,Invalid pattern,neha.sharma@outlook
641,email,Invalid pattern,vikram.singh@example
642,email,Invalid pattern,rajiv.tandon@yahoo
644,email,Invalid pattern,divya.nair@yahoo
646,email,Invalid pattern,karan.mehtaexample
648,email,Invalid pattern,
650,email,Invalid pattern,karan.mehta@yahoo
651,email,Invalid pattern,sunita.singh@example
654,email,Invalid pattern,ravi.patel@yahoo
656,email,Invalid pattern,vikram.singhexample
657,email,Invalid pattern,priya.das@outlook
659,email,Invalid pattern,deepak.mishra
661,email,Invalid pattern,karan.mehta@outlook
662,email,Invalid pattern,aman.guptaexample
663,email,Invalid pattern,deepak.mishra@
664,email,Invalid pattern,sunita.singhexample
665,email,Invalid pattern,manish.patel@outlook
666,email,Invalid pattern,pooja.sharma@outlook
668,email,Invalid pattern,alok.jain@yahoo
670,email,Invalid pattern,aditya.kumarexample
671,email,Invalid pattern,manish.patel@
672,email,Invalid pattern,priya.das@yahoo
674,email,Invalid pattern,meena.devi@example
678,email,Invalid pattern,meena.devi@outlook
679,email,Invalid pattern,ravi.patel@yahoo
680,email,Invalid pattern,ananya.roy@yahoo
681,email,Invalid pattern,priya.das@yahoo
682,email,Invalid pattern,ananya.roy@example
683,email,Invalid pattern,rahul.yadav@outlook
686,email,Invalid pattern,aditya.kumar@
687,email,Invalid pattern,vikram.singh@outlook
688,email,Invalid pattern,
690,email,Invalid pattern,deepak.mishra
692,email,Invalid pattern,sneha.reddy@
693,email,Invalid pattern,deepak.mishra
694,email,Invalid pattern,alok.jain@yahoo
695,email,Invalid pattern,deepak.mishra@yahoo
697,email,Invalid pattern,suresh.pillai@outlook
699,email,Invalid pattern,rajesh.vermaexample
700,email,Invalid pattern,priya.das@outlook
704,email,Invalid pattern,karan.mehta@
705,email,Invalid pattern,ananya.roy@outlook
709,email,Invalid pattern,aditya.kumar@yahoo
710,email,Invalid pattern,priya.das@
711,email,Invalid pattern,priya.das@outlook
712,email,Invalid pattern,suresh.pillai@
713,email,Invalid pattern,aditya.kumar
718,email,Invalid pattern,user9584@outlook
720,email,Invalid pattern,deepak.mishra@outlook
721,email,Invalid pattern,
724,email,Invalid pattern,divya.nair@outlook
726,email,Invalid pattern,ravi.patel@yahoo
728,email,Invalid pattern,alok.jain.com
732,email,Invalid pattern,rajiv.tandon@
733,email,Invalid pattern,karan.mehta@yahoo
734,email,Invalid pattern,rahul.yadav@yahoo
735,email,Invalid pattern,
736,email,Invalid pattern,ravi.patel@outlook
738,email,Invalid pattern,pooja.sharma.com
739,email,Invalid pattern,deepak.mishra@
742,email,Invalid pattern,
743,email,Invalid pattern,rahul.yadav@outlook
744,email,Invalid pattern,deepak.mishra@example
745,email,Invalid pattern,
747,email,Invalid pattern,deepak.mishra
749,email,Invalid pattern,rahul.yadav@outlook
750,email,Invalid pattern,priya.das@outlook
753,email,Invalid pattern,
755,email,Invalid pattern,aman.gupta@yahoo
757,email,Invalid pattern,karan.mehta@outlook
761,email,Invalid pattern,
766,email,Invalid pattern,sunita.singh@
769,email,Invalid pattern,manish.patelexample
770,email,Invalid pattern,rajiv.tandon@yahoo
772,email,Invalid pattern,meena.devi
775,email,Invalid pattern,
777,email,Invalid pattern,
778,email,Invalid pattern,deepak.mishra@
779,email,Invalid pattern,meena.devi@outlook
782,email,Invalid pattern,ananya.roy@outlook
785,email,Invalid pattern,suresh.pillai@
786,email,Invalid pattern,meena.devi.com
787,email,Invalid pattern,ananya.roy@outlook
789,email,Invalid pattern,rajiv.tandon
791,email,Invalid pattern,ananya.royexample
792,email,Invalid pattern,
793,email,Invalid pattern,
794,email,Invalid pattern,
795,email,Invalid pattern,manish.patel@yahoo
797,email,Invalid pattern,rajesh.verma@
798,email,Invalid pattern,rahul.yadav@outlook
800,email,Invalid pattern,rahul.yadav@outlook
801,email,Invalid pattern,
802,email,Invalid pattern,manish.patel@yahoo
803,email,Invalid pattern,sunita.singh@
804,email,Invalid pattern,priya.das@yahoo
806,email,Invalid pattern,deepak.mishra
807,email,Invalid pattern,suresh.pillai@yahoo
808,email,Invalid pattern,user1338@yahoo
810,email,Invalid pattern,meena.devi@outlook
811,email,Invalid pattern,deepak.mishra@yahoo
813,email,Invalid pattern,aman.gupta@yahoo
814,email,Invalid pattern,
816,email,Invalid pattern,pooja.sharma@outlook
817,email,Invalid pattern,priya.das@outlook
821,email,Invalid pattern,vikram.singh@outlook
824,email,Invalid pattern,aman.gupta@outlook
825,email,Invalid pattern,aditya.kumar@yahoo
828,email,Invalid pattern,suresh.pillai@outlook
829,email,Invalid pattern,user8540@yahoo
830,email,Invalid pattern,meena.devi@yahoo
831,email,Invalid pattern,meena.devi.com
836,email,Invalid pattern,priya.das@yahoo
837,email,Invalid pattern,vikram.singh@outlook
838,email,Invalid pattern,manish.patel@outlook
839,email,Invalid pattern,
840,email,Invalid pattern,priya.das@yahoo
841,email,Invalid pattern,rajiv.tandon.com
843,email,Invalid pattern,
852,email,Invalid pattern,alok.jain@outlook
853,email,Invalid pattern,suresh.pillai@outlook
854,email,Invalid pattern,rajesh.verma@yahoo
856,email,Invalid pattern,manish.patel@outlook
861,email,Invalid pattern,
862,email,Invalid pattern,meena.devi@yahoo
865,email,Invalid pattern,priya.das@outlook
867,email,Invalid pattern,pooja.sharma.com
874,email,Invalid pattern,deepak.mishra@outlook
875,email,Invalid pattern,user4636@outlook
876,email,Invalid pattern,sunita.singh
877,email,Invalid pattern,rajiv.tandon.com
879,email,Invalid pattern,
880,email,Invalid pattern,aman.gupta@yahoo
881,email,Invalid pattern,user4496@yahoo
882,email,Invalid pattern,karan.mehta@
883,email,Invalid pattern,ravi.patel@yahoo
885,email,Invalid pattern,rajiv.tandon
890,email,Invalid pattern,rajiv.tandon@outlook
892,email,Invalid pattern,rahul.yadav@yahoo
894,email,Invalid pattern,priya.das@yahoo
897,email,Invalid pattern,priya.das@example
898,email,Invalid pattern,karan.mehta@yahoo
900,email,Invalid pattern,alok.jain@yahoo
904,email,Invalid pattern,sunita.singh
906,email,Invalid pattern,manish.patelexample
909,email,Invalid pattern,karan.mehta@yahoo
910,email,Invalid pattern,karan.mehta@yahoo
912,email,Invalid pattern,rajiv.tandon@outlook
913,email,Invalid pattern,sneha.reddy@yahoo
915,email,Invalid pattern,deepak.mishra@outlook
917,email,Invalid pattern,aman.gupta@yahoo
918,email,Invalid pattern,
921,email,Invalid pattern,ravi.patel@example
923,email,Invalid pattern,
924,email,Invalid pattern,aman.guptaexample
925,email,Invalid pattern,manish.patel
927,email,Invalid pattern,
929,email,Invalid pattern,neha.sharma@outlook
931,email,Invalid pattern,sneha.reddy@example
932,email,Invalid pattern,priya.das@yahoo
934,email,Invalid pattern,rajesh.verma@yahoo
935,email,Invalid pattern,
936,email,Invalid pattern,alok.jain@
937,email,Invalid pattern,suresh.pillai@
939,email,Invalid pattern,user2101@yahoo
943,email,Invalid pattern,ananya.roy@
944,email,Invalid pattern,rajesh.verma.com
945,email,Invalid pattern,alok.jain@yahoo
948,email,Invalid pattern,divya.nair@example
952,email,Invalid pattern,alok.jain@
953,email,Invalid pattern,rajiv.tandon@outlook
955,email,Invalid pattern,ravi.patel@outlook
958,email,Invalid pattern,meena.devi@outlook
959,email,Invalid pattern,rajesh.verma@yahoo
961,email,Invalid pattern,rahul.yadav@yahoo
962,email,Invalid pattern,manish.patel@example
963,email,Invalid pattern,pooja.sharma@outlook
964,email,Invalid pattern,suresh.pillai@
966,email,Invalid pattern,
968,email,Invalid pattern,user4619@outlook
969,email,Invalid pattern,
970,email,Invalid pattern,rajiv.tandon@outlook
971,email,Invalid pattern,suresh.pillai@yahoo
972,email,Invalid pattern,priya.das@outlook
973,email,Invalid pattern,vikram.singh@yahoo
976,email,Invalid pattern,sunita.singh@example
977,email,Invalid pattern,alok.jain@
979,email,Invalid pattern,neha.sharma@yahoo
982,email,Invalid pattern,vikram.singh@yahoo
985,email,Invalid pattern,pooja.sharma@outlook
986,email,Invalid pattern,priya.das@yahoo
988,email,Invalid pattern,rajiv.tandon@yahoo
989,email,Invalid pattern,rajesh.verma@yahoo
990,email,Invalid pattern,meena.devi@outlook
991,email,Invalid pattern,suresh.pillai@example
993,email,Invalid pattern,ananya.roy@outlook
994,email,Invalid pattern,
999,email,Invalid pattern,rajiv.tandon@yahoo
1000,email,Invalid pattern,priya.das@yahoo
1001,email,Invalid pattern,suresh.pillai@yahoo
1004,email,Invalid pattern,priya.das@outlook
1005,email,Invalid pattern,aman.gupta@
1007,email,Invalid pattern,user6122@outlook
1009,email,Invalid pattern,suresh.pillai.com
1010,email,Invalid pattern,deepak.mishra
1015,email,Invalid pattern,pooja.sharma@
1020,email,Invalid pattern,aman.gupta@outlook
1021,email,Invalid pattern,ravi.patelexample
1023,email,Invalid pattern,rajesh.verma@outlook
1025,email,Invalid pattern,karan.mehta@yahoo
1026,email,Invalid pattern,suresh.pillai.com
1027,email,Invalid pattern,ravi.patel@outlook
1028,email,Invalid pattern,meena.devi@outlook
1031,email,Invalid pattern,
1032,email,Invalid pattern,user3931@yahoo
1034,email,Invalid pattern,user3930@yahoo
1037,email,Invalid pattern,
1039,email,Invalid pattern,vikram.singh@outlook
1040,email,Invalid pattern,neha.sharma@outlook
1041,email,Invalid pattern,pooja.sharma
1042,email,Invalid pattern,manish.patel@yahoo
1043,email,Invalid pattern,alok.jainexample
1045,email,Invalid pattern,priya.das@example
1047,email,Invalid pattern,deepak.mishra@yahoo
1050,email,Invalid pattern,aman.gupta@yahoo
1052,email,Invalid pattern,rajiv.tandon@outlook
1054,email,Invalid pattern,aditya.kumar
1057,email,Invalid pattern,
1059,email,Invalid pattern,sunita.singh@
1060,email,Invalid pattern,vikram.singh@outlook
1062,email,Invalid pattern,karan.mehta@yahoo
1063,email,Invalid pattern,rajiv.tandon@outlook
1064,email,Invalid pattern,
1066,email,Invalid pattern,vikram.singh.com
1068,email,Invalid pattern,
1069,email,Invalid pattern,aditya.kumar.com
1071,email,Invalid pattern,suresh.pillai@yahoo
1073,email,Invalid pattern,meena.devi
1074,email,Invalid pattern,suresh.pillai@
1076,email,Invalid pattern,
1078,email,Invalid pattern,
1079,email,Invalid pattern,divya.nair@yahoo
1080,email,Invalid pattern,karan.mehtaexample
1082,email,Invalid pattern,aditya.kumar.com
1086,email,Invalid pattern,sunita.singh
1087,email,Invalid pattern,ravi.patel.com
1088,email,Invalid pattern,sunita.singh@outlook
1089,email,Invalid pattern,pooja.sharma@outlook
1091,email,Invalid pattern,manish.patel@outlook
1096,email,Invalid pattern,
1097,email,Invalid pattern,ananya.roy@outlook
1098,email,Invalid pattern,
1101,email,Invalid pattern,deepak.mishraexample
1102,email,Invalid pattern,divya.nair@
1105,email,Invalid pattern,vikram.singh@yahoo
1109,email,Invalid pattern,ravi.patel@yahoo
1110,email,Invalid pattern,neha.sharma@outlook
1111,email,Invalid pattern,sneha.reddy@outlook
1113,email,Invalid pattern,pooja.sharma@example
1114,email,Invalid pattern,aman.gupta@yahoo
1115,email,Invalid pattern,
1116,email,Invalid pattern,karan.mehtaexample
1118,email,Invalid pattern,divya.nair@yahoo
1119,email,Invalid pattern,
1121,email,Invalid pattern,
1124,email,Invalid pattern,sunita.singh@yahoo
1125,email,Invalid pattern,sneha.reddy@outlook
1126,email,Invalid pattern,user5182@outlook
1128,email,Invalid pattern,divya.nair@outlook
1130,email,Invalid pattern,priya.das@outlook
1131,email,Invalid pattern,aman.guptaexample
1132,email,Invalid pattern,divya.nair@yahoo
1133,email,Invalid pattern,sneha.reddy@outlook
1134,email,Invalid pattern,
1135,email,Invalid pattern,
1137,email,Invalid pattern,divya.nair@yahoo
1138,email,Invalid pattern,sunita.singh.com
1141,email,Invalid pattern,deepak.mishra@outlook
1142,email,Invalid pattern,sneha.reddy@yahoo
1144,email,Invalid pattern,pooja.sharma@outlook
1145,email,Invalid pattern,pooja.sharma@example
1147,email,Invalid pattern,manish.patel.com
1152,email,Invalid pattern,karan.mehta@outlook
1154,email,Invalid pattern,vikram.singh
1157,email,Invalid pattern,
1159,email,Invalid pattern,vikram.singh@outlook
1161,email,Invalid pattern,rajesh.verma@yahoo
1162,email,Invalid pattern,ravi.patel@outlook
1164,email,Invalid pattern,ananya.roy@example
1166,email,Invalid pattern,sunita.singh.com
1167,email,Invalid pattern,ravi.patel.com
1168,email,Invalid pattern,alok.jainexample
1170,email,Invalid pattern,
1173,email,Invalid pattern,sneha.reddy@example
1174,email,Invalid pattern,sneha.reddy@example
1176,email,Invalid pattern,priya.das.com
1178,email,Invalid pattern,alok.jain@
1180,email,Invalid pattern,aman.gupta@
1181,email,Invalid pattern,pooja.sharma@yahoo
1184,email,Invalid pattern,aditya.kumar
1185,email,Invalid pattern,pooja.sharma@outlook
1186,email,Invalid pattern,
1194,email,Invalid pattern,manish.patel@outlook
1195,email,Invalid pattern,sunita.singh@yahoo
1196,email,Invalid pattern,sneha.reddyexample
1197,email,Invalid pattern,rajiv.tandon.com
1198,email,Invalid pattern,alok.jain@example
1203,email,Invalid pattern,user4222@outlook
1205,email,Invalid pattern,rajiv.tandon@yahoo
1206,email,Invalid pattern,neha.sharmaexample
1207,email,Invalid pattern,manish.patel@yahoo
1208,email,Invalid pattern,
1210,email,Invalid pattern,pooja.sharma@
1212,email,Invalid pattern,sneha.reddy@example
1213,email,Invalid pattern,deepak.mishra@yahoo
1215,email,Invalid pattern,sneha.reddy@outlook
1216,email,Invalid pattern,pooja.sharma@yahoo
1217,email,Invalid pattern,ravi.patel.com
1218,email,Invalid pattern,
1219,email,Invalid pattern,aman.gupta.com
1224,email,Invalid pattern,pooja.sharma@yahoo
1225,email,Invalid pattern,aditya.kumar@outlook
1227,email,Invalid pattern,suresh.pillai@yahoo
1232,email,Invalid pattern,alok.jain@yahoo
1237,email,Invalid pattern,user1314@outlook
1241,email,Invalid pattern,aman.gupta@outlook
1242,email,Invalid pattern,rajiv.tandon@yahoo
1244,email,Invalid pattern,meena.devi@outlook
1245,email,Invalid pattern,ravi.patel@outlook
1246,email,Invalid pattern,meena.devi@yahoo
1247,email,Invalid pattern,aman.gupta@outlook
1249,email,Invalid pattern,rajesh.verma@outlook
1250,email,Invalid pattern,deepak.mishra@outlook
1251,email,Invalid pattern,aman.gupta@outlook
1252,email,Invalid pattern,user4376@outlook
1256,email,Invalid pattern,ananya.roy@outlook
1258,email,Invalid pattern,user3207@outlook
1261,email,Invalid pattern,divya.nair
1263,email,Invalid pattern,rahul.yadav
1264,email,Invalid pattern,rajesh.verma@
1266,email,Invalid pattern,sneha.reddy@yahoo
1267,email,Invalid pattern,rajesh.verma@outlook
1268,email,Invalid pattern,neha.sharma@outlook
1270,email,Invalid pattern,aditya.kumar@outlook
1271,email,Invalid pattern,
1272,email,Invalid pattern,divya.nair@outlook
1274,email,Invalid pattern,meena.deviexample
1277,email,Invalid pattern,suresh.pillai@outlook
1278,email,Invalid pattern,manish.patel@example
1281,email,Invalid pattern,alok.jain@yahoo
1290,email,Invalid pattern,pooja.sharma@example
1291,email,Invalid pattern,aman.gupta@yahoo
1293,email,Invalid pattern,sneha.reddy@yahoo
1295,email,Invalid pattern,rahul.yadav@yahoo
1298,email,Invalid pattern,
1301,email,Invalid pattern,
1305,email,Invalid pattern,
1306,email,Invalid pattern,priya.das@
1308,email,Invalid pattern,user1089@yahoo
1309,email,Invalid pattern,deepak.mishraexample
1310,email,Invalid pattern,vikram.singhexample
1311,email,Invalid pattern,
1312,email,Invalid pattern,ananya.roy
1314,email,Invalid pattern,priya.dasexample
1316,email,Invalid pattern,vikram.singh
1321,email,Invalid pattern,rajesh.verma@outlook
1323,email,Invalid pattern,
1324,email,Invalid pattern,
1326,email,Invalid pattern,neha.sharma@yahoo
1327,email,Invalid pattern,karan.mehta@yahoo
1328,email,Invalid pattern,rajesh.verma@outlook
1329,email,Invalid pattern,manish.patel@example
1330,email,Invalid pattern,pooja.sharmaexample
1331,email,Invalid pattern,suresh.pillai
1334,email,Invalid pattern,meena.devi
1335,email,Invalid pattern,vikram.singh@outlook
1336,email,Invalid pattern,rajiv.tandon@yahoo
1338,email,Invalid pattern,ravi.patel@yahoo
1341,email,Invalid pattern,divya.nair@outlook
1345,email,Invalid pattern,manish.patel@yahoo
1346,email,Invalid pattern,alok.jain.com
1347,email,Invalid pattern,pooja.sharma@outlook
1353,email,Invalid pattern,rajiv.tandon@outlook
1354,email,Invalid pattern,ananya.roy@outlook
1355,email,Invalid pattern,rajiv.tandon@outlook
1356,email,Invalid pattern,divya.nair.com
1357,email,Invalid pattern,suresh.pillai@outlook
1360,email,Invalid pattern,pooja.sharma@yahoo
1363,email,Invalid pattern,meena.devi.com
1364,email,Invalid pattern,alok.jain@yahoo
1365,email,Invalid pattern,aman.gupta@yahoo
1366,email,Invalid pattern,ananya.roy@yahoo
1367,email,Invalid pattern,deepak.mishra@yahoo
1368,email,Invalid pattern,rajiv.tandon@outlook
1369,email,Invalid pattern,rahul.yadav@example
1371,email,Invalid pattern,rahul.yadav@yahoo
1374,email,Invalid pattern,ravi.patel@outlook
1375,email,Invalid pattern,deepak.mishra@yahoo
1376,email,Invalid pattern,ananya.roy@
1380,email,Invalid pattern,
1381,email,Invalid pattern,meena.devi@outlook
1382,email,Invalid pattern,pooja.sharma@outlook
1383,email,Invalid pattern,vikram.singh@example
1384,email,Invalid pattern,aman.gupta@outlook
1386,email,Invalid pattern,user3160@outlook
1387,email,Invalid pattern,user3144@outlook
1388,email,Invalid pattern,rajesh.verma@outlook
1389,email,Invalid pattern,user9564@yahoo
1391,email,Invalid pattern,
1392,email,Invalid pattern,pooja.sharma@yahoo
1397,email,Invalid pattern,rajesh.verma@outlook
1398,email,Invalid pattern,deepak.mishra@example
1399,email,Invalid pattern,ravi.patel@outlook
1403,email,Invalid pattern,user9569@outlook
1405,email,Invalid pattern,suresh.pillai@yahoo
1407,email,Invalid pattern,divya.nairexample
1408,email,Invalid pattern,sneha.reddy@outlook
1409,email,Invalid pattern,pooja.sharma.com
1410,email,Invalid pattern,aditya.kumar@outlook
1411,email,Invalid pattern,rahul.yadav@yahoo
1412,email,Invalid pattern,ravi.patel@yahoo
1413,email,Invalid pattern,meena.devi@yahoo
1418,email,Invalid pattern,sneha.reddy@example
1421,email,Invalid pattern,sneha.reddyexample
1422,email,Invalid pattern,divya.nair@outlook
1423,email,Invalid pattern,rajesh.verma@example
1424,email,Invalid pattern,aditya.kumar@yahoo
1425,email,Invalid pattern,
1426,email,Invalid pattern,aditya.kumar@yahoo
1428,email,Invalid pattern,ananya.roy@
1429,email,Invalid pattern,
1430,email,Invalid pattern,alok.jain@outlook
1431,email,Invalid pattern,sneha.reddyexample
1433,email,Invalid pattern,ananya.royexample
1434,email,Invalid pattern,vikram.singh@yahoo
1436,email,Invalid pattern,ravi.patel@outlook
1439,email,Invalid pattern,divya.nair@outlook
1441,email,Invalid pattern,rajesh.verma@outlook
1443,email,Invalid pattern,aditya.kumar@outlook
1444,email,Invalid pattern,
1445,email,Invalid pattern,rajesh.verma@
1446,email,Invalid pattern,karan.mehta@yahoo
1448,email,Invalid pattern,user9273@outlook
1449,email,Invalid pattern,pooja.sharma@yahoo
1452,email,Invalid pattern,rahul.yadav@outlook
1454,email,Invalid pattern,
1457,email,Invalid pattern,priya.das
1458,email,Invalid pattern,alok.jain.com
1460,email,Invalid pattern,
1461,email,Invalid pattern,user9593@outlook
1462,email,Invalid pattern,manish.patel@yahoo
1463,email,Invalid pattern,sneha.reddyexample
1468,email,Invalid pattern,rahul.yadav@outlook
1469,email,Invalid pattern,manish.patel@yahoo
1470,email,Invalid pattern,rajesh.verma@outlook
1471,email,Invalid pattern,
1472,email,Invalid pattern,ananya.roy@example
1475,email,Invalid pattern,pooja.sharma@yahoo
1477,email,Invalid pattern,vikram.singh@
1481,email,Invalid pattern,ravi.patel@outlook
1482,email,Invalid pattern,aman.gupta@outlook
1483,email,Invalid pattern,user3160@outlook
1484,email,Invalid pattern,rajesh.verma@outlook
1485,email,Invalid pattern,sneha.reddy@example
1486,email,Invalid pattern,
1488,email,Invalid pattern,rajiv.tandon@
1490,email,Invalid pattern,rajesh.verma.com
1492,email,Invalid pattern,divya.nairexample
1493,email,Invalid pattern,ravi.patel@example
1494,email,Invalid pattern,rahul.yadav@outlook
1495,email,Invalid pattern,divya.nair@outlook
1496,email,Invalid pattern,neha.sharma@yahoo
1497,email,Invalid pattern,suresh.pillai@yahoo
1498,email,Invalid pattern,
1499,email,Invalid pattern,karan.mehta@outlook
1502,email,Invalid pattern,rahul.yadav@example
1504,email,Invalid pattern,alok.jain.com
1506,email,Invalid pattern,sunita.singh@
1508,email,Invalid pattern,rajesh.verma@example
1512,email,Invalid pattern,meena.devi@example
1514,email,Invalid pattern,neha.sharma@example
1516,email,Invalid pattern,vikram.singh@outlook
1519,email,Invalid pattern,rajesh.verma@outlook
1521,email,Invalid pattern,sunita.singh@example
1522,email,Invalid pattern,pooja.sharma@outlook
1523,email,Invalid pattern,vikram.singh@outlook
1525,email,Invalid pattern,
1526,email,Invalid pattern,meena.devi@yahoo
1527,email,Invalid pattern,rajesh.verma@yahoo
1530,email,Invalid pattern,
1531,email,Invalid pattern,sneha.reddy@outlook
1534,email,Invalid pattern,aditya.kumar@
1535,email,Invalid pattern,aditya.kumar.com
1537,email,Invalid pattern,suresh.pillai@outlook
1538,email,Invalid pattern,sunita.singh@outlook
1542,email,Invalid pattern,divya.nair
1543,email,Invalid pattern,rajesh.verma@yahoo
1546,email,Invalid pattern,
1547,email,Invalid pattern,deepak.mishra@yahoo
1548,email,Invalid pattern,rajesh.verma@outlook
1549,email,Invalid pattern,alok.jain@outlook
1550,email,Invalid pattern,sunita.singh@yahoo
1551,email,Invalid pattern,pooja.sharma@
