id,name,age,email,city
1163,Deepak Mishra,,deepak.mishra@yahoo,Delhi
418,Alok Jain,98,alok.jain@hotmail.com,Pune
592,Suresh Pillai,59,suresh.pillai@gmail.com,Mumbai
1536,Ravi Patel,,ravi.patel@example.com,Mumbai
1091,Deepak Mishra,47,deepak.mishra@outlook,
1074,Neha Sharma,,neha.sharma@gmail.com,
1044,Divya Nair,,divya.nair@outlook,
129,Rajiv Tandon,52,rajiv.tandon@hotmail.com,Lucknow
800,Neha Sharma,21,neha.sharma@,Lucknow
745,Aditya Kumar,,aditya.kumar@example.com,Delhi
1006,Deepak Mishra,,deepak.mishra@hotmail.com,Lucknow
567,Karan Mehta,66,karan.mehta@yahoo,Jaipur
232,Aman Gupta,25,,Jaipur
957,,,,Jaipur
1217,Divya Nair,,user8721@example.com,Hyderabad
559,Aditya Kumar,,aditya.kumarexample,Delhi
284,Alok Jain,103,user3951@outlook,Mumbai
416,Ananya Roy,,user1782@yahoo,
681,Sneha Reddy,,sneha.reddy@hotmail.com,Mumbai
789,Suresh Pillai,,suresh.pillai@yahoo,Pune
1110,Priya Das,,priya.das@yahoo,Kolkata
218,Rajiv Tandon,,rajiv.tandon@gmail.com,Chennai
1493,Vikram Singh,,vikram.singh@hotmail.com,Mumbai
119,Vikram Singh,,vikram.singh@hotmail.com,Delhi
454,Neha Sharma,,neha.sharma@outlook,Kolkata
932,,25,user5479@example.com,Ahmedabad
1046,Ravi Patel,27,ravi.patel@hotmail.com,Lucknow
622,Aditya Kumar,,aditya.kumar@gmail.com,Lucknow
392,Rajesh Verma,,rajesh.verma@outlook,Jaipur
916,Alok Jain,,alok.jain@gmail.com,Chennai
721,Alok Jain,,alok.jain@outlook,
937,Meena Devi,26,meena.deviexample,Delhi
774,Deepak Mishra,44,deepak.mishra.com,Chennai
814,,102,,Lucknow
912,Manish Patel,,manish.patel@example.com,Noida
1001,Deepak Mishra,93,deepak.mishra@hotmail.com,
1411,Manish Patel,,user7271@example.com,Pune
102,Sneha Reddy,,sneha.reddy@outlook,Ahmedabad
492,Deepak Mishra,,deepak.mishra@outlook,Pune
1562,,,user9452@gmail.com,Noida
656,Aditya Kumar,,aditya.kumar@example.com,Lucknow
1209,Suresh Pillai,95,suresh.pillai@yahoo,Chennai
984,Ravi Patel,,ravi.patel@outlook,Mumbai
332,Neha Sharma,67,neha.sharma@gmail.com,Jaipur
292,Ravi Patel,,ravi.patel.com,Noida
642,Aman Gupta,16,aman.gupta@example.com,Delhi
1325,Priya Das,55,priya.das@outlook,Delhi
1023,Priya Das,,priya.das@yahoo,Chennai
1115,Aditya Kumar,,aditya.kumar@gmail.com,Noida
1107,Pooja Sharma,63,pooja.sharma@example.com,Delhi
769,Neha Sharma,,neha.sharma,Pune
351,Priya Das,,priya.das@example.com,Delhi
577,Rahul Yadav,,rahul.yadav@hotmail.com,Chennai
1118,Vikram Singh,96,vikram.singh@example,Ahmedabad
801,Ananya Roy,75,ananya.roy@example.com,Chennai
269,Sneha Reddy,,sneha.reddy@yahoo,Noida
341,,,user5371@gmail.com,Noida
586,Sunita Singh,,sunita.singh@outlook,Delhi
770,Ravi Patel,,ravi.patel@hotmail.com,Lucknow
1280,Aman Gupta,,aman.guptaexample,Delhi
588,Vikram Singh,,vikram.singh@gmail.com,Hyderabad
156,Sneha Reddy,97,sneha.reddy.com,Jaipur
260,Aman Gupta,,aman.gupta@example.com,Delhi
490,,60,user9033@yahoo,Hyderabad
751,Priya Das,,priya.das@example.com,Hyderabad
1263,Karan Mehta,,user4098@example.com,Hyderabad
103,Alok Jain,50,alok.jain@gmail.com,Kolkata
315,Suresh Pillai,,user9889@outlook,Kolkata
528,Divya Nair,,divya.nair@,Hyderabad
1242,Aman Gupta,96,aman.gupta@outlook,Mumbai
1596,Rajesh Verma,,rajesh.verma@yahoo,Ahmedabad
1193,Karan Mehta,,karan.mehta@hotmail.com,Mumbai
1119,Ananya Roy,88,ananya.roy@yahoo,Chennai
792,Vikram Singh,58,vikram.singh,Chennai
473,Rahul Yadav,,rahul.yadav@example.com,Lucknow
1385,Aditya Kumar,,aditya.kumar@example,Hyderabad
930,Alok Jain,80,alok.jain@,Noida
466,Aditya Kumar,,aditya.kumar@hotmail.com,Lucknow
790,Aman Gupta,,aman.gupta@hotmail.com,Hyderabad
1133,Neha Sharma,64,neha.sharma,Hyderabad
1170,Priya Das,99,priya.das@hotmail.com,Ahmedabad
825,Divya Nair,79,divya.nair@example.com,Kolkata
459,Pooja Sharma,,pooja.sharma@hotmail.com,Lucknow
314,Sunita Singh,50,user4318@gmail.com,Chennai
908,Pooja Sharma,49,pooja.sharma@hotmail.com,Lucknow
552,Divya Nair,105,divya.nair@example.com,Lucknow
1401,Meena Devi,20,meena.devi@outlook,Chennai
679,,,,
562,Rajesh Verma,,rajesh.verma@example.com,Hyderabad
783,Aditya Kumar,,aditya.kumar@hotmail.com,Noida
841,Divya Nair,76,divya.nair@outlook,Ahmedabad
738,Ravi Patel,51,ravi.patel@outlook,Chennai
266,Pooja Sharma,104,pooja.sharma@example.com,Lucknow
121,Meena Devi,,meena.devi@outlook,Pune
954,,93,user8145@hotmail.com,Mumbai
666,Karan Mehta,,karan.mehta@yahoo,Delhi
1303,Deepak Mishra,17,deepak.mishra@gmail.com,Delhi
1324,Manish Patel,94,,Chennai
566,Karan Mehta,,karan.mehta,Pune
1454,Sunita Singh,,sunita.singh@yahoo,Pune
665,Sneha Reddy,,sneha.reddy@,Noida
724,,15,user8985@hotmail.com,Pune
575,Aditya Kumar,,aditya.kumar@gmail.com,Pune
1035,Sunita Singh,,sunita.singh@hotmail.com,Hyderabad
1484,Suresh Pillai,,suresh.pillai@yahoo,Jaipur
817,Suresh Pillai,,suresh.pillai@yahoo,Jaipur
1538,,,user5676@hotmail.com,Ahmedabad
1557,Rahul Yadav,,rahul.yadav@example.com,Noida
354,Sneha Reddy,,sneha.reddy@yahoo,Mumbai
1184,Aditya Kumar,,aditya.kumar@example.com,Noida
184,Divya Nair,71,divya.nair@hotmail.com,Ahmedabad
150,Sneha Reddy,,sneha.reddy@yahoo,Noida
560,Manish Patel,17,manish.patel@hotmail.com,Noida
1449,Sunita Singh,101,sunita.singh@example.com,Chennai
513,Vikram Singh,,,Kolkata
1346,Rajiv Tandon,,rajiv.tandon@yahoo,Ahmedabad
510,Aditya Kumar,99,aditya.kumar@,Chennai
320,Rajesh Verma,,rajesh.verma@outlook,Delhi
1514,Ananya Roy,90,ananya.roy@example.com,Kolkata
917,Ananya Roy,,,Lucknow
1316,Sneha Reddy,,sneha.reddyexample,Ahmedabad
1010,Divya Nair,,divya.nair@example.com,Chennai
349,Sunita Singh,64,sunita.singh@example.com,Jaipur
1157,Deepak Mishra,,deepak.mishra@outlook,Jaipur
361,Rajiv Tandon,,rajiv.tandon@gmail.com,Kolkata
1563,Aditya Kumar,,aditya.kumar,Mumbai
676,Aditya Kumar,91,aditya.kumarexample,Noida
951,Sunita Singh,,sunita.singh@gmail.com,Hyderabad
668,Rajesh Verma,,user9102@gmail.com,Ahmedabad
876,Meena Devi,27,meena.devi@,Delhi
290,Suresh Pillai,47,suresh.pillai@yahoo,Jaipur
683,Manish Patel,,manish.patel@yahoo,Jaipur
748,Priya Das,,priya.das@,Chennai
1172,Sneha Reddy,,sneha.reddy@gmail.com,Mumbai
966,Meena Devi,54,meena.devi@yahoo,Pune
764,Ravi Patel,37,ravi.patel@yahoo,Pune
1060,Rajesh Verma,,rajesh.verma@outlook,Delhi
188,,,user6045@example.com,Pune
772,Neha Sharma,,neha.sharma@,Pune
1388,Rajiv Tandon,,rajiv.tandon@example.com,Noida
1214,Karan Mehta,,karan.mehta@outlook,Delhi
1189,Rahul Yadav,102,rahul.yadav@outlook,Hyderabad
1141,Vikram Singh,,vikram.singh@outlook,Hyderabad
1169,Meena Devi,48,meena.devi@example.com,Delhi
563,Pooja Sharma,,pooja.sharma@hotmail.com,Noida
483,Aditya Kumar,33,aditya.kumar@outlook,Noida
705,,,,Jaipur
1486,Rajiv Tandon,,rajiv.tandon@gmail.com,Chennai
411,Meena Devi,104,meena.devi,Lucknow
1579,Sneha Reddy,,,Delhi
1386,Manish Patel,,manish.patel@hotmail.com,Noida
359,Aditya Kumar,66,aditya.kumar@example,Noida
294,Pooja Sharma,,pooja.sharma@hotmail.com,Lucknow
1307,,41,,Noida
821,Aman Gupta,27,aman.gupta@gmail.com,Kolkata
861,Aditya Kumar,,aditya.kumar,Mumbai
1162,Ravi Patel,,ravi.patel.com,Kolkata
1511,Alok Jain,92,alok.jain@gmail.com,Mumbai
127,Sneha Reddy,,sneha.reddy,Ahmedabad
417,Meena Devi,77,meena.devi@hotmail.com,Hyderabad
661,Rahul Yadav,90,rahul.yadav@yahoo,Hyderabad
1300,Alok Jain,,alok.jain.com,Jaipur
865,Aman Gupta,82,aman.gupta@,Delhi
300,Pooja Sharma,104,pooja.sharma.com,Lucknow
689,Sneha Reddy,49,sneha.reddy@example.com,
471,Pooja Sharma,94,pooja.sharma@example.com,Lucknow
628,Sneha Reddy,49,sneha.reddy@example.com,Chennai
762,Karan Mehta,102,karan.mehta@yahoo,Jaipur
1415,Karan Mehta,,karan.mehta@yahoo,Chennai
131,Vikram Singh,81,vikram.singh@example.com,Hyderabad
837,Karan Mehta,,karan.mehta,Hyderabad
873,Ananya Roy,,ananya.roy@outlook,Ahmedabad
699,,,user5705@yahoo,Delhi
1453,Neha Sharma,38,neha.sharma@gmail.com,Kolkata
267,Sneha Reddy,20,sneha.reddy@outlook,
395,Deepak Mishra,67,deepak.mishra@example.com,Hyderabad
1534,Meena Devi,62,meena.devi@example,Hyderabad
1377,Deepak Mishra,,deepak.mishra@gmail.com,Delhi
381,Aditya Kumar,33,aditya.kumar@example.com,Hyderabad
1363,Vikram Singh,,user9297@example.com,Ahmedabad
1149,Sneha Reddy,,sneha.reddy.com,Pune
482,Deepak Mishra,,deepak.mishra@outlook,Jaipur
1370,Alok Jain,100,alok.jain@yahoo,Chennai
834,Vikram Singh,76,vikram.singh@hotmail.com,Mumbai
1594,Ravi Patel,,ravi.patel@outlook,Jaipur
1445,Ananya Roy,77,ananya.roy@gmail.com,Hyderabad
1465,Sneha Reddy,,sneha.reddy,Lucknow
394,Sneha Reddy,,sneha.reddy@,Hyderabad
1496,Suresh Pillai,76,suresh.pillai@example.com,Chennai
1287,Deepak Mishra,85,deepak.mishra@outlook,Kolkata
1468,Vikram Singh,42,vikram.singh@outlook,
450,Alok Jain,34,alok.jain@example.com,Delhi
938,Ananya Roy,,ananya.roy@gmail.com,Jaipur
1190,Sneha Reddy,,sneha.reddy@outlook,Chennai
1527,Ananya Roy,,ananya.roy,Mumbai
1220,Neha Sharma,17,neha.sharma@yahoo,Jaipur
1244,Deepak Mishra,69,deepak.mishra@outlook,Noida
182,Rajiv Tandon,50,rajiv.tandon@yahoo,Pune
1425,Rahul Yadav,,rahul.yadav@hotmail.com,Lucknow
104,Vikram Singh,,vikram.singh@yahoo,Noida
664,Rajesh Verma,28,rajesh.verma@outlook,Mumbai
1084,Priya Das,40,,Lucknow
1004,Ravi Patel,74,ravi.patel,
260,Aman Gupta,,aman.gupta@example.com,Delhi
1587,Neha Sharma,58,neha.sharma@example.com,Pune
1572,Rajesh Verma,,rajesh.vermaexample,Jaipur
1113,Sneha Reddy,66,sneha.reddy@example.com,Jaipur
860,Ravi Patel,,ravi.patel@yahoo,Delhi
1304,Sunita Singh,,sunita.singh@hotmail.com,Hyderabad
878,Suresh Pillai,25,suresh.pillai@outlook,Pune
733,Suresh Pillai,70,suresh.pillai@example.com,Pune
585,Neha Sharma,68,neha.sharma@yahoo,Ahmedabad
1147,Karan Mehta,81,karan.mehta@outlook,Ahmedabad
949,Ravi Patel,,ravi.patel@yahoo,Jaipur
1340,Ananya Roy,45,ananya.roy@example.com,Mumbai
1099,Vikram Singh,,user1602@hotmail.com,Delhi
1259,Suresh Pillai,102,suresh.pillai@outlook,Chennai
1418,Ravi Patel,105,ravi.patel@outlook,Pune
143,Priya Das,,priya.das@example,Kolkata
340,Alok Jain,,alok.jain@gmail.com,Ahmedabad
389,Ananya Roy,,ananya.roy@outlook,Ahmedabad
743,Priya Das,99,priya.das,Chennai
1337,Manish Patel,,manish.patel@hotmail.com,Hyderabad
191,Karan Mehta,64,karan.mehta@gmail.com,Mumbai
149,Suresh Pillai,44,suresh.pillai@example,Mumbai
165,Alok Jain,61,alok.jain@example.com,Chennai
853,Neha Sharma,,neha.sharma@yahoo,Pune
1471,Pooja Sharma,20,pooja.sharma@hotmail.com,Hyderabad
153,Sunita Singh,33,sunita.singh@yahoo,Kolkata
1397,,,user5274@outlook,Lucknow
376,Priya Das,53,priya.das@example.com,Mumbai
1322,Priya Das,59,priya.das@example.com,Noida
1396,Alok Jain,24,alok.jain@outlook,Chennai
658,Deepak Mishra,,deepak.mishra@yahoo,Ahmedabad
603,Divya Nair,68,divya.nair@hotmail.com,Lucknow
1087,Rahul Yadav,,rahul.yadav@gmail.com,Delhi
360,,17,,Lucknow
1105,Ananya Roy,60,ananya.roy@outlook,Kolkata
126,Rajesh Verma,68,rajesh.verma@yahoo,Ahmedabad
1276,Sneha Reddy,,sneha.reddy@example.com,Chennai
161,Alok Jain,,alok.jain@,
1040,Sneha Reddy,17,sneha.reddy@example.com,Mumbai
1507,Priya Das,87,priya.das@,Mumbai
1258,Rajesh Verma,27,rajesh.vermaexample,Noida
1476,Pooja Sharma,62,pooja.sharma@example.com,Lucknow
372,Ravi Patel,,ravi.patel@gmail.com,Kolkata
715,Deepak Mishra,,deepak.mishra@example,Ahmedabad
326,Rajiv Tandon,85,rajiv.tandon@hotmail.com,Noida
713,Rajesh Verma,96,rajesh.verma@hotmail.com,Kolkata
364,Aman Gupta,34,aman.gupta@,Lucknow
596,Meena Devi,52,meena.devi@yahoo,Lucknow
1240,Manish Patel,20,manish.patel@example,Delhi
786,Ananya Roy,33,ananya.roy@gmail.com,Ahmedabad
152,Rahul Yadav,,rahul.yadav@gmail.com,Ahmedabad
1268,Alok Jain,67,alok.jain@gmail.com,Mumbai
282,Rajiv Tandon,79,rajiv.tandon@gmail.com,
295,Rahul Yadav,,rahul.yadav@gmail.com,Jaipur
988,Aditya Kumar,90,aditya.kumar@outlook,Chennai
1037,Meena Devi,,meena.devi@,Kolkata
1406,Neha Sharma,49,neha.sharma@example.com,
252,Rajesh Verma,,rajesh.verma@yahoo,Noida
396,Sunita Singh,19,sunita.singh@hotmail.com,Ahmedabad
736,Divya Nair,16,divya.nair@hotmail.com,Lucknow
125,Suresh Pillai,95,suresh.pillai@outlook,Delhi
1501,Karan Mehta,,,Lucknow
1530,Priya Das,47,priya.das@example.com,Lucknow
700,Aman Gupta,,aman.gupta@example,Delhi
243,Rajiv Tandon,84,rajiv.tandon@example,Mumbai
215,Deepak Mishra,,deepak.mishra@yahoo,Chennai
1197,Priya Das,,priya.das@,Jaipur
1573,Priya Das,31,user8064@example.com,Noida
582,Rahul Yadav,,rahul.yadav@hotmail.com,Mumbai
942,Rahul Yadav,56,user2270@gmail.com,Jaipur
894,Rahul Yadav,,rahul.yadav@yahoo,Noida
202,Deepak Mishra,,deepak.mishra@gmail.com,Pune
151,Aman Gupta,,aman.gupta.com,Jaipur
1057,Rahul Yadav,,rahul.yadav.com,Jaipur
1311,Aditya Kumar,48,aditya.kumar@yahoo,Noida
1015,Karan Mehta,,karan.mehta@hotmail.com,Jaipur
110,Ravi Patel,,ravi.patel@example.com,Jaipur
1517,Rajesh Verma,63,rajesh.verma@example.com,Hyderabad
1537,Meena Devi,,meena.devi@outlook,Noida
1555,Deepak Mishra,89,deepak.mishra@outlook,Jaipur
795,Manish Patel,,manish.patel@outlook,Chennai
1407,Rahul Yadav,,rahul.yadav@outlook,Delhi
1519,Ananya Roy,,ananya.roy@gmail.com,Ahmedabad
1521,Rahul Yadav,,rahul.yadav@example.com,Jaipur
1012,Ravi Patel,,ravi.patel@yahoo,Delhi
950,Deepak Mishra,56,deepak.mishra@gmail.com,Delhi
355,Rajesh Verma,,user8698@yahoo,Pune
1182,Sneha Reddy,83,sneha.reddy@hotmail.com,Mumbai
629,Priya Das,,priya.das@outlook,Chennai
732,Sneha Reddy,,sneha.reddy@outlook,Lucknow
1413,Meena Devi,63,user5558@yahoo,Ahmedabad
178,Rajiv Tandon,,rajiv.tandon@yahoo,Delhi
1306,Suresh Pillai,47,suresh.pillai@yahoo,Ahmedabad
1489,Manish Patel,33,manish.patel.com,Ahmedabad
909,Pooja Sharma,,pooja.sharma@yahoo,Ahmedabad
940,Rahul Yadav,38,user9842@outlook,Delhi
1419,Suresh Pillai,22,suresh.pillai@example,Kolkata
1387,Manish Patel,,manish.patelexample,Noida
1427,Ananya Roy,,ananya.roy@hotmail.com,Hyderabad
1318,Meena Devi,92,meena.devi@hotmail.com,Mumbai
1521,Rahul Yadav,,rahul.yadav@example.com,Jaipur
1290,Neha Sharma,,user8758@yahoo,Chennai
1569,Pooja Sharma,,pooja.sharma@yahoo,Kolkata
1225,Sunita Singh,,sunita.singh@hotmail.com,Delhi
1256,Sneha Reddy,,sneha.reddy@hotmail.com,Delhi
816,Aman Gupta,,aman.gupta@example.com,Ahmedabad
597,Neha Sharma,39,neha.sharma@yahoo,Kolkata
320,Rajesh Verma,,rajesh.verma@outlook,Delhi
1439,Rahul Yadav,72,rahul.yadav@hotmail.com,Jaipur
1565,Suresh Pillai,24,suresh.pillai@hotmail.com,Kolkata
1512,Rajesh Verma,71,user7566@yahoo,Delhi
311,Pooja Sharma,,pooja.sharma@example.com,Noida
201,Aman Gupta,63,aman.gupta@yahoo,Pune
268,,88,,Mumbai
106,Meena Devi,100,meena.devi@hotmail.com,Lucknow
471,Pooja Sharma,94,pooja.sharma@example.com,Lucknow
1029,Rajiv Tandon,,rajiv.tandon@hotmail.com,Ahmedabad
388,Ananya Roy,,ananya.roy@yahoo,Lucknow
598,Ravi Patel,,ravi.patel,Ahmedabad
350,Aman Gupta,,,Delhi
1055,Neha Sharma,,neha.sharma@outlook,Mumbai
604,Divya Nair,,divya.nair@example.com,Chennai
712,Rahul Yadav,,rahul.yadav@yahoo,Mumbai
343,Ananya Roy,102,ananya.roy@hotmail.com,Ahmedabad
155,Pooja Sharma,,pooja.sharma@gmail.com,Hyderabad
881,Manish Patel,18,manish.patel@hotmail.com,Lucknow
477,Meena Devi,71,meena.devi@example.com,Hyderabad
1560,Vikram Singh,23,,
582,Rahul Yadav,,rahul.yadav@hotmail.com,Mumbai
1354,Sneha Reddy,24,,Mumbai
976,Deepak Mishra,,deepak.mishra@gmail.com,Delhi
1219,Rajesh Verma,79,rajesh.verma@gmail.com,
1150,Deepak Mishra,57,deepak.mishra@example,Mumbai
923,Karan Mehta,25,karan.mehta@example.com,Jaipur
1578,Pooja Sharma,,pooja.sharma@outlook,Mumbai
1178,Suresh Pillai,45,suresh.pillai@hotmail.com,Pune
956,Rahul Yadav,,,Noida
826,Pooja Sharma,98,user1789@outlook,Hyderabad
237,Rajesh Verma,,rajesh.verma@example.com,Chennai
1255,Sneha Reddy,,sneha.reddy@example,Noida
1229,Vikram Singh,,vikram.singh@hotmail.com,
584,Deepak Mishra,,deepak.mishraexample,Kolkata
480,Rahul Yadav,,rahul.yadav@example.com,Noida
979,Rajesh Verma,63,rajesh.verma@gmail.com,Hyderabad
991,Alok Jain,76,alok.jain@example.com,Jaipur
345,Ananya Roy,90,ananya.roy@hotmail.com,Kolkata
1186,Manish Patel,,manish.patel@outlook,Chennai
1487,Alok Jain,15,alok.jain.com,Hyderabad
305,Deepak Mishra,43,deepak.mishra@hotmail.com,Ahmedabad
1075,Suresh Pillai,,suresh.pillai@outlook,Hyderabad
964,Suresh Pillai,80,suresh.pillai@example,Mumbai
1125,Suresh Pillai,52,suresh.pillai@,Hyderabad
627,Sunita Singh,,sunita.singh@outlook,Lucknow
840,Divya Nair,83,divya.nair@gmail.com,Ahmedabad
213,Pooja Sharma,,pooja.sharma@outlook,Noida
1167,Manish Patel,59,manish.patel.com,Lucknow
1564,Neha Sharma,35,neha.sharma@outlook,Noida
626,Sunita Singh,92,sunita.singhexample,Delhi
1390,Pooja Sharma,97,pooja.sharma@example.com,Ahmedabad
1383,Rahul Yadav,97,rahul.yadav@gmail.com,Hyderabad
1088,Aditya Kumar,,user7451@hotmail.com,Ahmedabad
1552,Rahul Yadav,85,rahul.yadav,Ahmedabad
753,Ravi Patel,,ravi.patel@hotmail.com,Chennai
504,Aman Gupta,97,aman.gupta@example.com,Hyderabad
1429,Sunita Singh,19,sunita.singh@gmail.com,Chennai
147,Ravi Patel,98,ravi.patel@hotmail.com,Mumbai
1210,Deepak Mishra,26,,Chennai
1464,Manish Patel,,manish.patel@hotmail.com,Hyderabad
230,Priya Das,,priya.das@example.com,Kolkata
1242,Aman Gupta,96,aman.gupta@outlook,Mumbai
818,,56,,Ahmedabad
1264,Manish Patel,,manish.patel@outlook,Delhi
617,Rajesh Verma,,,Kolkata
485,Ananya Roy,42,ananya.roy@hotmail.com,Kolkata
1528,Suresh Pillai,,suresh.pillai@example.com,Noida
273,Neha Sharma,22,neha.sharma@outlook,Jaipur
1345,Divya Nair,92,divya.nair@hotmail.com,Jaipur
761,Neha Sharma,46,neha.sharma@hotmail.com,Mumbai
799,Sunita Singh,23,sunita.singh@example.com,Chennai
1570,Rajesh Verma,25,user5045@yahoo,Mumbai
1183,Rajesh Verma,,,Hyderabad
253,Divya Nair,52,divya.nair@gmail.com,Noida
1134,Rajiv Tandon,68,rajiv.tandon@hotmail.com,Mumbai
978,Aditya Kumar,,aditya.kumar@yahoo,Hyderabad
546,Pooja Sharma,23,pooja.sharma@hotmail.com,Noida
353,Meena Devi,30,meena.devi@outlook,Chennai
516,Rajesh Verma,,rajesh.verma@outlook,Pune
1566,Karan Mehta,,karan.mehta@yahoo,Lucknow
1011,Karan Mehta,78,karan.mehta@hotmail.com,Ahmedabad
183,Deepak Mishra,29,deepak.mishra@outlook,Lucknow
221,Pooja Sharma,102,pooja.sharma@gmail.com,Noida
926,,,user2699@hotmail.com,Pune
446,Sunita Singh,15,sunita.singh.com,Delhi
1462,Divya Nair,68,divya.nair@gmail.com,Noida
737,Aditya Kumar,,aditya.kumar@example.com,Mumbai
1323,Ananya Roy,,ananya.royexample,Lucknow
1575,Deepak Mishra,49,deepak.mishra@yahoo,Pune
757,Ravi Patel,101,ravi.patel@yahoo,
398,Sneha Reddy,,sneha.reddy@yahoo,Ahmedabad
1228,Pooja Sharma,,,Lucknow
1062,Divya Nair,34,divya.nair@example.com,Kolkata
1025,Ananya Roy,95,ananya.roy@yahoo,Noida
1293,Alok Jain,,alok.jain@example.com,Noida
1378,,67,user3647@outlook,
653,Ananya Roy,51,ananya.roy@example.com,Lucknow
224,Priya Das,,priya.das@yahoo,Kolkata
373,Ananya Roy,,ananya.roy@example.com,Chennai
123,Rajiv Tandon,,rajiv.tandon@outlook,Delhi
833,Rahul Yadav,48,rahul.yadav@outlook,Chennai
530,Neha Sharma,,neha.sharma@gmail.com,Chennai
368,Aditya Kumar,,aditya.kumar,Kolkata
1273,Manish Patel,19,manish.patel@yahoo,Chennai
108,Divya Nair,68,divya.nair@yahoo,Kolkata
1584,Rajiv Tandon,,rajiv.tandon@hotmail.com,Kolkata
336,Manish Patel,,manish.patel@yahoo,Pune
1308,Ananya Roy,,ananya.roy@hotmail.com,Hyderabad
550,Ananya Roy,,ananya.roy@,Noida
1403,Rajiv Tandon,,,Pune
781,Ravi Patel,34,,Pune
798,Aman Gupta,,user6974@hotmail.com,Mumbai
1441,Suresh Pillai,97,suresh.pillai@outlook,Noida
1069,Aditya Kumar,72,aditya.kumar@outlook,Delhi
549,,72,user6972@hotmail.com,Lucknow
1092,Vikram Singh,101,vikram.singh@gmail.com,Hyderabad
1535,Vikram Singh,,vikram.singh@yahoo,Hyderabad
461,Ananya Roy,,,Delhi
391,Ravi Patel,91,ravi.patel@example.com,Pune
1421,Ananya Roy,29,ananya.roy@yahoo,Ahmedabad
462,Divya Nair,,divya.nair@outlook,Mumbai
969,Ananya Roy,40,ananya.roy@hotmail.com,Hyderabad
418,Alok Jain,98,alok.jain@hotmail.com,Pune
1313,Priya Das,105,priya.dasexample,Lucknow
1581,Manish Patel,,manish.patel@yahoo,Hyderabad
1103,Vikram Singh,,vikram.singh@example.com,Chennai
313,Manish Patel,,manish.patel@gmail.com,Mumbai
1446,Vikram Singh,19,vikram.singh@outlook,Delhi
1116,Pooja Sharma,,pooja.sharma.com,Hyderabad
1438,Ananya Roy,,ananya.roy@example.com,Noida
457,Sneha Reddy,92,sneha.reddy@hotmail.com,Ahmedabad
1558,Aditya Kumar,70,aditya.kumar@gmail.com,Mumbai
244,Deepak Mishra,65,deepak.mishra@yahoo,Hyderabad
1086,,50,user2121@yahoo,Mumbai
1223,Deepak Mishra,,deepak.mishra@hotmail.com,Mumbai
994,Ananya Roy,69,ananya.roy@hotmail.com,Ahmedabad
955,Rajesh Verma,,rajesh.verma@example.com,Noida
1270,Neha Sharma,52,neha.sharma@gmail.com,Mumbai
872,Sneha Reddy,,sneha.reddy@hotmail.com,Hyderabad
623,Ravi Patel,,ravi.patel@hotmail.com,
573,Manish Patel,,manish.patel@gmail.com,Chennai
214,,,user4508@gmail.com,Pune
1556,Aditya Kumar,,aditya.kumar@hotmail.com,Kolkata
971,Neha Sharma,,neha.sharma@outlook,Mumbai
245,Rajesh Verma,,rajesh.verma@gmail.com,Lucknow
672,Aditya Kumar,104,aditya.kumar.com,Hyderabad
470,Divya Nair,16,divya.nair@gmail.com,Noida
1168,Divya Nair,,divya.nair@hotmail.com,
754,Neha Sharma,103,neha.sharma@hotmail.com,Jaipur
1526,Rajesh Verma,,rajesh.verma@gmail.com,Ahmedabad
501,Rahul Yadav,,rahul.yadav@example.com,Delhi
832,Ananya Roy,69,ananya.roy@example,Delhi
731,Suresh Pillai,,suresh.pillai@hotmail.com,Kolkata
133,Meena Devi,64,meena.devi@gmail.com,
959,Aman Gupta,71,aman.gupta@,Delhi
741,Divya Nair,53,divya.nair@example.com,Mumbai
796,,,user6126@gmail.com,Delhi
1516,Rahul Yadav,76,rahul.yadav@yahoo,Ahmedabad
1420,Ananya Roy,62,ananya.roy@gmail.com,Mumbai
1455,Suresh Pillai,88,suresh.pillai@gmail.com,Lucknow
524,Rajiv Tandon,,rajiv.tandon@example.com,Mumbai
1246,Ananya Roy,,ananya.roy@hotmail.com,Ahmedabad
849,Sneha Reddy,95,sneha.reddy@example.com,Hyderabad
1352,Sneha Reddy,,user2338@gmail.com,Pune
171,Sneha Reddy,19,sneha.reddy@yahoo,Jaipur
145,Karan Mehta,44,karan.mehta@example.com,Lucknow
945,Priya Das,,priya.dasexample,Ahmedabad
886,Deepak Mishra,,,Chennai
422,Neha Sharma,,neha.sharma@hotmail.com,Chennai
1545,Karan Mehta,94,karan.mehta@,Pune
669,Sunita Singh,56,sunita.singh@hotmail.com,Chennai
1022,Rajiv Tandon,60,rajiv.tandonexample,Pune
613,,16,user1607@outlook,Chennai
578,Rahul Yadav,69,rahul.yadav@yahoo,Mumbai
247,Sneha Reddy,61,sneha.reddy.com,Lucknow
276,Sunita Singh,,sunita.singh@example.com,Chennai
1185,Suresh Pillai,82,suresh.pillai@outlook,Hyderabad
680,Aman Gupta,,aman.gupta@yahoo,Lucknow
1440,Deepak Mishra,40,deepak.mishra@example.com,Hyderabad
579,Divya Nair,,divya.nair@hotmail.com,Delhi
522,Pooja Sharma,,,Mumbai
240,Suresh Pillai,,suresh.pillai@example.com,Kolkata
740,Neha Sharma,33,user8101@outlook,Pune
589,Rajesh Verma,,rajesh.verma@hotmail.com,Jaipur
715,Deepak Mishra,,deepak.mishra@example,Ahmedabad
1007,Manish Patel,91,manish.patel@gmail.com,
1359,Aditya Kumar,30,aditya.kumar@hotmail.com,Delhi
432,Divya Nair,,divya.nair@example.com,Lucknow
631,Suresh Pillai,,suresh.pillai@yahoo,Ahmedabad
595,,,user7451@gmail.com,Kolkata
1042,Priya Das,67,priya.das@outlook,Hyderabad
521,Rahul Yadav,61,rahul.yadav@gmail.com,Kolkata
663,Suresh Pillai,,suresh.pillai@hotmail.com,Hyderabad
1232,Rahul Yadav,87,rahul.yadav@yahoo,Delhi
657,Pooja Sharma,,pooja.sharma@gmail.com,
1591,Priya Das,,priya.das@example.com,Delhi
275,Aman Gupta,66,aman.gupta.com,Mumbai
947,Deepak Mishra,51,deepak.mishra@yahoo,Lucknow
367,,,user2347@outlook,
601,Suresh Pillai,,suresh.pillai@example.com,Hyderabad
1026,,,,Ahmedabad
906,Deepak Mishra,95,deepak.mishra@yahoo,Noida
356,Sneha Reddy,85,sneha.reddy@,Chennai
556,Manish Patel,105,manish.patel@example.com,Ahmedabad
159,Neha Sharma,,user7627@example.com,Mumbai
1146,Sneha Reddy,16,sneha.reddy,Kolkata
662,Alok Jain,49,alok.jain,Ahmedabad
565,Sneha Reddy,,sneha.reddy@example,Jaipur
1492,Ananya Roy,89,ananya.roy@yahoo,Hyderabad
281,Pooja Sharma,90,pooja.sharma@yahoo,Chennai
249,Alok Jain,,alok.jain@gmail.com,Kolkata
1123,Ananya Roy,,ananya.roy@hotmail.com,Kolkata
850,Pooja Sharma,,pooja.sharma@example.com,Mumbai
1211,Rajiv Tandon,88,rajiv.tandon@gmail.com,Jaipur
827,Deepak Mishra,36,deepak.mishra@hotmail.com,Jaipur
1472,Aman Gupta,40,aman.gupta@yahoo,Mumbai
1269,Priya Das,29,priya.das@,Mumbai
1506,Neha Sharma,54,neha.sharma@example.com,Hyderabad
885,Rahul Yadav,,rahul.yadav@gmail.com,
859,Aditya Kumar,17,aditya.kumar@outlook,Jaipur
190,Rajesh Verma,76,rajesh.verma@hotmail.com,Chennai
519,Meena Devi,,meena.devi@example.com,Kolkata
620,Ananya Roy,66,ananya.roy@yahoo,Delhi
1498,Sunita Singh,,user7570@outlook,Pune
1295,Karan Mehta,71,karan.mehta@example.com,Lucknow
1126,Manish Patel,,manish.patel@outlook,Ahmedabad
993,Sunita Singh,,sunita.singh@outlook,Jaipur
463,,84,,Hyderabad
1234,,94,user2462@gmail.com,Ahmedabad
1467,Aman Gupta,58,aman.gupta@outlook,Chennai
635,Priya Das,,user8632@outlook,Mumbai
975,Aman Gupta,84,aman.gupta@example.com,Jaipur
1207,Deepak Mishra,,deepak.mishra@hotmail.com,Mumbai
758,Rahul Yadav,,rahul.yadav@example.com,Hyderabad
1002,Aditya Kumar,,,
1237,Sunita Singh,,sunita.singhexample,Delhi
982,Rajesh Verma,,rajesh.verma@example.com,
387,Ravi Patel,50,ravi.patel@hotmail.com,Ahmedabad
1362,Vikram Singh,,vikram.singh@hotmail.com,Kolkata
1322,Priya Das,59,priya.das@example.com,Noida
730,Neha Sharma,,neha.sharma@yahoo,Pune
788,Vikram Singh,,user3892@example.com,Ahmedabad
348,Karan Mehta,48,karan.mehta@example.com,Lucknow
544,Meena Devi,,meena.devi@gmail.com,Jaipur
291,Pooja Sharma,,pooja.sharma@yahoo,Ahmedabad
248,Divya Nair,47,divya.nair@hotmail.com,Chennai
600,Rajiv Tandon,,rajiv.tandon@gmail.com,Pune
851,Deepak Mishra,78,deepak.mishra@gmail.com,Kolkata
606,Manish Patel,,manish.patel@gmail.com,Noida
1036,Suresh Pillai,,suresh.pillai@example,Ahmedabad
1599,Neha Sharma,62,neha.sharma@yahoo,
897,Sunita Singh,72,,Kolkata
192,Karan Mehta,93,karan.mehta@gmail.com,Jaipur
167,Karan Mehta,,karan.mehta@gmail.com,Ahmedabad
1549,Karan Mehta,,karan.mehta,Noida
673,Rahul Yadav,,rahul.yadav@gmail.com,Lucknow
1456,Aditya Kumar,,aditya.kumar@yahoo,Jaipur
156,Sneha Reddy,97,sneha.reddy.com,Jaipur
1478,,,,Ahmedabad
922,Sunita Singh,,sunita.singh@yahoo,Hyderabad
1546,Karan Mehta,,karan.mehta@example.com,Mumbai
1331,Meena Devi,,meena.devi@,Chennai
1167,Manish Patel,59,manish.patel.com,Lucknow
847,Priya Das,25,priya.das@outlook,Pune
1152,Neha Sharma,68,neha.sharma@example.com,Delhi
967,Ravi Patel,,ravi.patel@example.com,Mumbai
907,,77,,Noida
264,Suresh Pillai,,suresh.pillai@gmail.com,Kolkata
839,Alok Jain,,alok.jain@example.com,Lucknow
1502,Karan Mehta,,karan.mehta@example.com,Hyderabad
424,Manish Patel,,,Pune
440,Aman Gupta,36,aman.gupta@outlook,Delhi
605,Neha Sharma,68,neha.sharma@example.com,Ahmedabad
985,Rajiv Tandon,,rajiv.tandon,Hyderabad
650,Deepak Mishra,67,deepak.mishra.com,Chennai
1267,Manish Patel,81,manish.patel@yahoo,Hyderabad
1063,Suresh Pillai,51,suresh.pillai@gmail.com,Noida
868,Deepak Mishra,75,deepak.mishra@hotmail.com,Chennai
203,Suresh Pillai,,suresh.pillai@example,Hyderabad
130,Neha Sharma,71,neha.sharma@hotmail.com,Lucknow
449,Aman Gupta,98,aman.gupta@example.com,Mumbai
526,Rahul Yadav,,rahul.yadav@outlook,Noida
680,Aman Gupta,,aman.gupta@yahoo,Lucknow
1261,Divya Nair,89,divya.nair@yahoo,Pune
858,,,,Ahmedabad
537,Ravi Patel,55,ravi.patel,Ahmedabad
1122,Karan Mehta,,karan.mehta@,Delhi
1279,Manish Patel,,manish.patel,Kolkata
1158,Priya Das,62,priya.das@outlook,Jaipur
101,Alok Jain,75,alok.jain@hotmail.com,Pune
911,Neha Sharma,25,neha.sharma.com,Noida
739,Neha Sharma,,neha.sharma@yahoo,Chennai
948,Sunita Singh,30,sunita.singh@hotmail.com,Kolkata
866,Karan Mehta,59,karan.mehta@example.com,Lucknow
645,Pooja Sharma,72,pooja.sharma@outlook,Ahmedabad
963,Karan Mehta,,karan.mehta@hotmail.com,Pune
1003,Karan Mehta,46,,Jaipur
1398,Pooja Sharma,,user3564@yahoo,Pune
399,Neha Sharma,,neha.sharma@hotmail.com,Lucknow
1510,Pooja Sharma,,user1935@gmail.com,Kolkata
195,,105,user6125@yahoo,Pune
844,Neha Sharma,,neha.sharma@outlook,Jaipur
895,Alok Jain,,alok.jain@hotmail.com,Jaipur
981,Rajesh Verma,53,rajesh.verma@outlook,Chennai
1198,Sunita Singh,,,Jaipur
309,Neha Sharma,25,neha.sharma@gmail.com,Noida
451,Aditya Kumar,,aditya.kumar@hotmail.com,Pune
925,Divya Nair,,divya.nair@yahoo,Kolkata
1031,Ananya Roy,,ananya.roy@hotmail.com,Noida
1013,Ravi Patel,,ravi.patel@hotmail.com,Lucknow
107,Rajesh Verma,,rajesh.verma@example.com,Ahmedabad
974,Meena Devi,91,meena.devi@example.com,Jaipur
1339,Meena Devi,,meena.devi@gmail.com,Ahmedabad
636,Ananya Roy,,ananya.roy@example.com,Kolkata
824,Manish Patel,,manish.patel@gmail.com,Pune
1115,Aditya Kumar,,aditya.kumar@gmail.com,Noida
1515,Ravi Patel,,ravi.patel@outlook,Lucknow
185,Rajesh Verma,,rajesh.verma@gmail.com,Delhi
902,Deepak Mishra,47,deepak.mishra@outlook,Mumbai
532,Deepak Mishra,,deepak.mishra@gmail.com,Mumbai
164,Ananya Roy,,ananya.roy,Mumbai
1574,Aditya Kumar,,aditya.kumar.com,Jaipur
1297,Deepak Mishra,,deepak.mishraexample,
807,Rajiv Tandon,,rajiv.tandon@outlook,Hyderabad
787,Ravi Patel,89,ravi.patel@yahoo,Noida
1226,Rajesh Verma,,rajesh.verma@yahoo,Chennai
611,Sunita Singh,28,sunita.singh@example.com,Jaipur
514,Neha Sharma,87,neha.sharma@outlook,Delhi
778,Vikram Singh,102,vikram.singh@example,
301,Rajiv Tandon,29,rajiv.tandon@yahoo,Jaipur
1050,Ravi Patel,67,user3792@gmail.com,Ahmedabad
1523,Divya Nair,,divya.nair@yahoo,Hyderabad
682,Sunita Singh,70,sunita.singh@gmail.com,Noida
206,Karan Mehta,48,karan.mehtaexample,Chennai
624,Aman Gupta,,aman.gupta@gmail.com,Mumbai
280,Rajiv Tandon,84,,Noida
1460,Rahul Yadav,85,rahul.yadav@example.com,Mumbai
241,Karan Mehta,,karan.mehta@yahoo,Lucknow
1368,Sunita Singh,41,sunita.singh@example,Hyderabad
302,Rajiv Tandon,48,rajiv.tandon@gmail.com,Jaipur
543,Aman Gupta,,aman.gupta@gmail.com,Lucknow
1443,Ravi Patel,39,ravi.patel@yahoo,Lucknow
338,Meena Devi,47,meena.devi@example.com,Delhi
257,Vikram Singh,,vikram.singhexample,
379,Priya Das,39,priya.das@outlook,Jaipur
756,Vikram Singh,,vikram.singh@gmail.com,Lucknow
819,Deepak Mishra,,deepak.mishra,Hyderabad
1463,Divya Nair,40,user1264@gmail.com,Chennai
804,Karan Mehta,66,karan.mehta@outlook,Hyderabad
1382,Aman Gupta,54,aman.guptaexample,Chennai
306,Deepak Mishra,77,deepak.mishra@,Delhi
1341,Sunita Singh,24,sunita.singhexample,Mumbai
1461,Manish Patel,,manish.patel@outlook,
408,Pooja Sharma,46,pooja.sharma@outlook,Lucknow
297,,26,user1777@gmail.com,Chennai
1117,Alok Jain,,alok.jain@yahoo,Noida
383,Aman Gupta,67,aman.gupta@example.com,Ahmedabad
1154,Aditya Kumar,,aditya.kumarexample,Jaipur
271,Manish Patel,,manish.patel@,Delhi
1592,Priya Das,77,priya.das@yahoo,Ahmedabad
972,Alok Jain,,alok.jain@gmail.com,Noida
695,Meena Devi,99,meena.devi@example,Jaipur
687,Pooja Sharma,,pooja.sharma@example.com,Mumbai
1595,Rajiv Tandon,47,rajiv.tandon@hotmail.com,Mumbai
1448,Ananya Roy,,ananya.roy@hotmail.com,Jaipur
1054,Meena Devi,,meena.devi@outlook,Delhi
677,Ravi Patel,21,ravi.patel@yahoo,Mumbai
1151,Ananya Roy,81,ananya.roy@yahoo,Chennai
1023,Priya Das,,priya.das@yahoo,Chennai
742,Ananya Roy,,ananya.roy@example,Ahmedabad
943,Rahul Yadav,,rahul.yadav@outlook,Hyderabad
794,Ravi Patel,,ravi.patel@hotmail.com,Noida
534,Meena Devi,,meena.devi@hotmail.com,Chennai
619,Aditya Kumar,39,aditya.kumar@,Hyderabad
1104,Vikram Singh,,vikram.singh@outlook,Jaipur
436,Meena Devi,42,,Mumbai
1561,Rajiv Tandon,53,rajiv.tandon@gmail.com,Pune
1047,Deepak Mishra,99,deepak.mishra,Kolkata
1239,Ravi Patel,27,ravi.patel@example.com,Kolkata
1205,Sneha Reddy,,sneha.reddy@,Noida
1227,Deepak Mishra,34,deepak.mishra,Delhi
887,Alok Jain,35,alok.jain@yahoo,Chennai
1416,Deepak Mishra,,deepak.mishra@yahoo,Noida
1508,Karan Mehta,,karan.mehta@example.com,Lucknow
250,Suresh Pillai,,suresh.pillai@outlook,Jaipur
1540,Neha Sharma,,neha.sharma@gmail.com,Chennai
498,Rajesh Verma,,rajesh.vermaexample,Hyderabad
1027,Priya Das,,priya.das@outlook,Noida
771,Vikram Singh,,user1978@hotmail.com,Ahmedabad
1483,Ravi Patel,,ravi.patel@example.com,Mumbai
497,Rajesh Verma,94,rajesh.verma@gmail.com,Pune
1457,Karan Mehta,,karan.mehta@,Mumbai
261,Ananya Roy,,ananya.roy@outlook,Mumbai
1173,Pooja Sharma,95,pooja.sharma@gmail.com,Noida
716,Suresh Pillai,48,user7928@example.com,Pune
545,Pooja Sharma,,pooja.sharma@gmail.com,Pune
1049,Aditya Kumar,38,aditya.kumar@yahoo,Hyderabad
941,Priya Das,51,priya.das@,Kolkata
1282,Priya Das,94,priya.das@outlook,Ahmedabad
1428,Suresh Pillai,,suresh.pillai@,Lucknow
1582,Aditya Kumar,104,aditya.kumar,Chennai
1041,Deepak Mishra,19,deepak.mishra@hotmail.com,Hyderabad
1234,,94,user2462@gmail.com,Ahmedabad
877,Karan Mehta,61,karan.mehta@hotmail.com,Chennai
1332,Karan Mehta,,karan.mehta@hotmail.com,Lucknow
1153,,,user9584@outlook,Lucknow
1495,Aman Gupta,35,aman.gupta@gmail.com,Jaipur
1083,Deepak Mishra,17,deepak.mishra@outlook,Ahmedabad
1143,Ravi Patel,30,,Delhi
227,Ananya Roy,60,ananya.roy@gmail.com,Hyderabad
1298,Karan Mehta,,user9018@example.com,Delhi
1224,Divya Nair,62,divya.nair@outlook,Mumbai
298,Deepak Mishra,82,deepak.mishra@example.com,Noida
903,Ravi Patel,,ravi.patel@yahoo,Ahmedabad
1485,Pooja Sharma,,pooja.sharma@hotmail.com,Lucknow
1474,Alok Jain,63,alok.jain.com,Kolkata
1175,Vikram Singh,,vikram.singh@example.com,Ahmedabad
1093,Ravi Patel,51,ravi.patel@hotmail.com,Chennai
1310,Divya Nair,,divya.nair@example.com,Kolkata
403,Rajiv Tandon,,rajiv.tandon@,Pune
1016,Karan Mehta,55,karan.mehta@yahoo,Jaipur
189,Rahul Yadav,,rahul.yadav@yahoo,Ahmedabad
919,Aditya Kumar,62,,
1024,Ravi Patel,,ravi.patel@outlook,Delhi
270,Karan Mehta,,karan.mehta@hotmail.com,Lucknow
1366,Pooja Sharma,,pooja.sharma.com,Jaipur
1245,Deepak Mishra,,deepak.mishra@,Jaipur
1039,Ravi Patel,98,ravi.patel@hotmail.com,Jaipur
1520,Ravi Patel,,ravi.patel@hotmail.com,Noida
439,Alok Jain,,,Mumbai
1171,Rahul Yadav,,rahul.yadav@outlook,Jaipur
536,Deepak Mishra,80,deepak.mishra@example,Mumbai
228,Sunita Singh,50,,Mumbai
608,Neha Sharma,30,neha.sharma@example.com,Hyderabad
1452,Deepak Mishra,,deepak.mishra,Delhi
973,Alok Jain,,alok.jain@gmail.com,Lucknow
279,Rahul Yadav,92,rahul.yadav@outlook,Delhi
1548,Priya Das,,priya.das@outlook,Noida
696,Aman Gupta,,aman.gupta@hotmail.com,Hyderabad
633,Sneha Reddy,,sneha.reddy@hotmail.com,Mumbai
187,,,,Lucknow
924,Aditya Kumar,30,aditya.kumar@hotmail.com,Kolkata
499,Aman Gupta,,aman.gupta@yahoo,Delhi
1379,Rahul Yadav,,rahul.yadav@hotmail.com,Chennai
1247,Karan Mehta,32,karan.mehta@outlook,Noida
477,Meena Devi,71,meena.devi@example.com,Hyderabad
402,Meena Devi,20,meena.devi@example.com,Hyderabad
1328,Priya Das,,user2540@example.com,Ahmedabad
621,Sneha Reddy,,,Lucknow
1315,Meena Devi,23,meena.devi@gmail.com,Chennai
1218,Divya Nair,42,divya.nair@hotmail.com,Hyderabad
322,Aman Gupta,,aman.gupta@hotmail.com,Noida
920,Meena Devi,,meena.devi@hotmail.com,Hyderabad
1080,Sunita Singh,,sunita.singh@,Pune
590,Manish Patel,90,manish.patel@gmail.com,Lucknow
1433,Aman Gupta,40,aman.gupta@example.com,Lucknow
453,Manish Patel,,manish.patelexample,Pune
701,Rajiv Tandon,,rajiv.tandon@yahoo,
146,Ananya Roy,,ananya.roy@hotmail.com,Noida
808,Meena Devi,43,meena.devi,
1356,Manish Patel,,user9823@gmail.com,Lucknow
1056,Aman Gupta,,aman.gupta@gmail.com,Ahmedabad
727,Aman Gupta,,,Delhi
105,Priya Das,,priya.das@hotmail.com,
718,Aman Gupta,19,,Lucknow
306,Deepak Mishra,77,deepak.mishra@,Delhi
1231,Meena Devi,16,meena.devi@outlook,Hyderabad
968,Ananya Roy,,ananya.roy@example.com,Mumbai
1542,Vikram Singh,,vikram.singh@example.com,Chennai
254,Ananya Roy,36,ananya.roy@outlook,Noida
660,Pooja Sharma,,pooja.sharma@gmail.com,Mumbai
328,Rajiv Tandon,79,rajiv.tandon@gmail.com,Noida
435,Suresh Pillai,,suresh.pillai@,Delhi
1120,Meena Devi,,meena.devi.com,Noida
1105,Ananya Roy,60,ananya.roy@outlook,Kolkata
634,Sneha Reddy,,sneha.reddy@gmail.com,Delhi
1395,Rajiv Tandon,58,rajiv.tandon,Hyderabad
690,Meena Devi,,meena.devi@example.com,Kolkata
670,Ananya Roy,,ananya.royexample,Noida
1576,Sunita Singh,23,,Delhi
1358,Divya Nair,54,,Ahmedabad
1554,Suresh Pillai,97,,Kolkata
378,Manish Patel,15,manish.patel@yahoo,Lucknow
765,Alok Jain,90,alok.jain@example.com,Hyderabad
1076,Rajesh Verma,,rajesh.verma@,Chennai
299,Rahul Yadav,,rahul.yadav@outlook,Kolkata
1179,Ravi Patel,,ravi.patel@example.com,Lucknow
1412,Rahul Yadav,,rahul.yadav@outlook,Hyderabad
318,Rajiv Tandon,,,Jaipur
728,Manish Patel,91,manish.patel@yahoo,Kolkata
162,Sunita Singh,,sunita.singh@,Noida
649,Priya Das,,priya.das@yahoo,Lucknow
476,Sunita Singh,,sunita.singh@hotmail.com,Delhi
100,Deepak Mishra,,deepak.mishra,Pune
138,Suresh Pillai,,suresh.pillai@yahoo,Mumbai
997,Karan Mehta,,user1338@yahoo,Noida
426,Deepak Mishra,33,user3477@example.com,Jaipur
346,Meena Devi,,meena.devi@outlook,Delhi
1208,Deepak Mishra,,deepak.mishra@yahoo,Lucknow
641,Suresh Pillai,98,suresh.pillai@example.com,Noida
421,Aman Gupta,43,aman.gupta@yahoo,Ahmedabad
747,,,,Ahmedabad
1319,Deepak Mishra,,deepak.mishra@hotmail.com,Kolkata
1067,Pooja Sharma,58,pooja.sharma@outlook,
726,Priya Das,,priya.das@outlook,Hyderabad
1058,Suresh Pillai,,suresh.pillai@example.com,Noida
1195,Sneha Reddy,,sneha.reddy@gmail.com,Pune
412,Pooja Sharma,26,pooja.sharma@example.com,Lucknow
1094,Vikram Singh,,vikram.singh@outlook,Delhi
638,Divya Nair,,divya.nair@gmail.com,Noida
970,Pooja Sharma,98,pooja.sharma@gmail.com,Mumbai
692,Aman Gupta,66,aman.gupta@outlook,Lucknow
1066,Aditya Kumar,,aditya.kumar@yahoo,Mumbai
115,Manish Patel,,manish.patel@example.com,Jaipur
1292,Rahul Yadav,103,rahul.yadav@example.com,Ahmedabad
749,Suresh Pillai,45,suresh.pillai@outlook,
1030,,,user8540@yahoo,Pune
884,Meena Devi,62,meena.devi@yahoo,Pune
1215,Meena Devi,57,meena.devi.com,Kolkata
1583,Priya Das,,priya.das@example.com,Noida
242,Ananya Roy,,ananya.roy@hotmail.com,Kolkata
1464,Manish Patel,,manish.patel@hotmail.com,Hyderabad
933,Rajesh Verma,24,rajesh.verma@example.com,Mumbai
181,Priya Das,,priya.das@yahoo,Pune
776,Vikram Singh,51,vikram.singh@outlook,
1186,Manish Patel,,manish.patel@outlook,Chennai
382,,80,,Chennai
1112,Priya Das,28,priya.das@yahoo,Noida
1384,Rajiv Tandon,,rajiv.tandon.com,
722,Aman Gupta,,aman.gupta@hotmail.com,Mumbai
324,,83,,Kolkata
879,Suresh Pillai,,suresh.pillai@example.com,Chennai
851,Deepak Mishra,78,deepak.mishra@gmail.com,Kolkata
1019,Ananya Roy,31,ananya.roy@gmail.com,Mumbai
961,Ravi Patel,32,ravi.patel@hotmail.com,Jaipur
809,Pooja Sharma,,pooja.sharma@gmail.com,Chennai
366,Ravi Patel,,user7933@hotmail.com,Ahmedabad
1522,,55,user3234@hotmail.com,Pune
1073,Karan Mehta,,user5507@hotmail.com,Delhi
1524,Alok Jain,50,alok.jain@outlook,
962,Suresh Pillai,,suresh.pillai@outlook,Mumbai
1302,Rajesh Verma,37,rajesh.verma@yahoo,Hyderabad
888,Sneha Reddy,,sneha.reddy@gmail.com,Delhi
135,Manish Patel,,manish.patel@outlook,Pune
989,Suresh Pillai,100,suresh.pillai@example.com,Lucknow
251,Divya Nair,54,divya.nair@hotmail.com,Ahmedabad
186,Ananya Roy,,ananya.roy@hotmail.com,Delhi
475,Divya Nair,43,divya.nair@example.com,Lucknow
618,,,,Chennai
720,Meena Devi,,meena.devi@yahoo,Pune
1009,Rajiv Tandon,,rajiv.tandon@example.com,Delhi
1129,Sunita Singh,,sunita.singh@example.com,Jaipur
256,Priya Das,74,priya.das@outlook,Kolkata
1096,Neha Sharma,,neha.sharma@hotmail.com,
602,Pooja Sharma,,pooja.sharma.com,Chennai
1430,Rajiv Tandon,,rajiv.tandon@hotmail.com,Chennai
874,Priya Das,30,priya.das@hotmail.com,Kolkata
1243,Rahul Yadav,,rahul.yadav@hotmail.com,
1568,Rajesh Verma,33,rajesh.verma@gmail.com,Pune
1155,Rajiv Tandon,,user7962@gmail.com,Pune
1334,Suresh Pillai,,suresh.pillai@hotmail.com,Hyderabad
1083,Deepak Mishra,17,deepak.mishra@outlook,Ahmedabad
1100,Vikram Singh,,user4636@outlook,Pune
321,Sunita Singh,48,sunita.singh,Chennai
637,Rajiv Tandon,,rajiv.tandon.com,Kolkata
533,Aman Gupta,,aman.gupta@hotmail.com,Chennai
1408,Alok Jain,69,,Hyderabad
1320,Aman Gupta,,aman.gupta@yahoo,Mumbai
474,Vikram Singh,94,user4496@yahoo,Chennai
915,Karan Mehta,42,karan.mehta@,Pune
1344,Ravi Patel,,ravi.patel@yahoo,Pune
1065,Aman Gupta,101,aman.gupta@example.com,Jaipur
1409,Rajiv Tandon,,rajiv.tandon,Delhi
1085,Rahul Yadav,88,rahul.yadav@example.com,Noida
784,Ananya Roy,,user6925@hotmail.com,Jaipur
263,Aman Gupta,,aman.gupta@gmail.com,Ahmedabad
591,Aditya Kumar,39,user7017@example.com,Noida
698,Rajiv Tandon,,rajiv.tandon@outlook,Hyderabad
697,Meena Devi,28,meena.devi@example.com,Pune
1470,Rahul Yadav,,rahul.yadav@yahoo,Lucknow
1432,Aditya Kumar,,aditya.kumar@gmail.com,Jaipur
1335,Priya Das,,priya.das@yahoo,Jaipur
1361,Ravi Patel,91,ravi.patel@hotmail.com,
1543,Sneha Reddy,81,sneha.reddy@example.com,Hyderabad
143,Priya Das,,priya.das@example,Kolkata
1064,Karan Mehta,39,karan.mehta@yahoo,Mumbai
200,Sunita Singh,,sunita.singh@hotmail.com,Delhi
1585,Alok Jain,,alok.jain@yahoo,Lucknow
998,Ananya Roy,,ananya.roy@example.com,Noida
1204,Ananya Roy,,ananya.roy@gmail.com,
777,Divya Nair,,divya.nair@gmail.com,Chennai
1369,Sunita Singh,,sunita.singh,Ahmedabad
900,Meena Devi,,meena.devi@hotmail.com,Hyderabad
1374,Manish Patel,62,manish.patelexample,Lucknow
335,Rahul Yadav,69,rahul.yadav@hotmail.com,Ahmedabad
1000,Karan Mehta,,karan.mehta@gmail.com,Delhi
759,Karan Mehta,100,karan.mehta@yahoo,Ahmedabad
583,Karan Mehta,59,karan.mehta@yahoo,Jaipur
980,Priya Das,,priya.das@hotmail.com,Jaipur
571,Rajiv Tandon,,rajiv.tandon@outlook,Jaipur
441,Sneha Reddy,,sneha.reddy@yahoo,Kolkata
409,Deepak Mishra,101,deepak.mishra@gmail.com,
744,Deepak Mishra,15,deepak.mishra@outlook,Noida
1286,Rajiv Tandon,105,rajiv.tandon@gmail.com,Lucknow
1551,Aman Gupta,95,aman.gupta@yahoo,Mumbai
484,Alok Jain,65,,Ahmedabad
317,Meena Devi,,meena.devi@hotmail.com,Ahmedabad
428,Divya Nair,,divya.nair@example.com,Chennai
1033,Ravi Patel,15,ravi.patel@example,Lucknow
1391,Rajesh Verma,42,rajesh.verma@hotmail.com,Hyderabad
893,,,,Mumbai
445,Aman Gupta,,aman.guptaexample,Noida
1580,Manish Patel,80,manish.patel,Kolkata
806,Divya Nair,76,divya.nair@hotmail.com,Ahmedabad
1355,,99,,Delhi
616,Manish Patel,99,manish.patel@example.com,Ahmedabad
1389,Neha Sharma,57,neha.sharma@outlook,Chennai
468,Divya Nair,98,divya.nair@gmail.com,Ahmedabad
212,Sneha Reddy,,sneha.reddy@example,Chennai
785,Priya Das,66,priya.das@yahoo,
496,Meena Devi,88,meena.devi@gmail.com,Chennai
1399,Rajesh Verma,,rajesh.verma@yahoo,Chennai
767,Rahul Yadav,,,Delhi
458,Alok Jain,,alok.jain@,Hyderabad
905,Suresh Pillai,51,suresh.pillai@,Ahmedabad
1491,Ananya Roy,,ananya.roy@gmail.com,Delhi
1032,Priya Das,,user2101@yahoo,Noida
1139,Vikram Singh,,vikram.singh@gmail.com,
1272,Manish Patel,,user7465@example.com,Ahmedabad
413,Suresh Pillai,,user5398@example.com,Mumbai
550,Ananya Roy,,ananya.roy@,Noida
173,Rajesh Verma,56,rajesh.verma.com,Pune
944,Alok Jain,,alok.jain@yahoo,Hyderabad
285,Ananya Roy,102,ananya.roy@gmail.com,Delhi
594,Meena Devi,,meena.devi@example.com,Kolkata
992,Divya Nair,,divya.nair@example,Delhi
1486,Rajiv Tandon,,rajiv.tandon@gmail.com,Chennai
374,Vikram Singh,,vikram.singh@hotmail.com,Ahmedabad
515,Meena Devi,78,meena.devi@gmail.com,Hyderabad
1447,Alok Jain,,alok.jain@,Jaipur
1525,Rajiv Tandon,45,rajiv.tandon@outlook,Kolkata
1291,Deepak Mishra,28,deepak.mishra@hotmail.com,Mumbai
529,Ravi Patel,36,ravi.patel@outlook,Jaipur
1203,Karan Mehta,34,karan.mehta@gmail.com,Lucknow
430,Priya Das,,priya.das@gmail.com,Noida
1296,Meena Devi,,meena.devi@outlook,Hyderabad
710,Rajesh Verma,,rajesh.verma@yahoo,Ahmedabad
238,Aditya Kumar,,aditya.kumar@example.com,Noida
118,Rahul Yadav,,rahul.yadav@yahoo,Delhi
1499,Manish Patel,73,manish.patel@example,Ahmedabad
986,Pooja Sharma,22,pooja.sharma@outlook,Ahmedabad
1405,Suresh Pillai,92,suresh.pillai@,Lucknow
782,Rajiv Tandon,,rajiv.tandon@gmail.com,Pune
1253,,,,Lucknow
363,Ravi Patel,,ravi.patel@hotmail.com,Kolkata
420,Rajesh Verma,,user4619@outlook,Chennai
193,Rajiv Tandon,,,Delhi
1333,Rajiv Tandon,,rajiv.tandon@outlook,Ahmedabad
479,Suresh Pillai,,suresh.pillai@yahoo,Lucknow
655,Priya Das,,priya.das@outlook,Ahmedabad
235,Vikram Singh,,vikram.singh@yahoo,Hyderabad
1423,Deepak Mishra,,deepak.mishra@gmail.com,Delhi
1392,Sneha Reddy,,sneha.reddy@gmail.com,Noida
1350,Sunita Singh,,sunita.singh@example,Jaipur
357,Alok Jain,18,alok.jain@,Delhi
401,Karan Mehta,,user7826@example.com,Lucknow
1597,Neha Sharma,92,neha.sharma@yahoo,Lucknow
390,Ravi Patel,,ravi.patel@example.com,Hyderabad
319,Rajesh Verma,75,rajesh.verma@hotmail.com,Lucknow
447,Vikram Singh,53,vikram.singh@yahoo,Delhi
347,Rajesh Verma,51,rajesh.verma@hotmail.com,Jaipur
646,Karan Mehta,27,karan.mehta@hotmail.com,Delhi
574,Pooja Sharma,,pooja.sharma@outlook,Jaipur
553,Priya Das,87,priya.das@yahoo,Mumbai
610,Suresh Pillai,54,suresh.pillai@hotmail.com,Ahmedabad
415,Rajiv Tandon,83,rajiv.tandon@yahoo,Pune
538,Rajesh Verma,,rajesh.verma@yahoo,Pune
120,Meena Devi,105,meena.devi@outlook,Lucknow
1417,Suresh Pillai,,suresh.pillai@example,Jaipur
1034,Priya Das,37,priya.das@gmail.com,Jaipur
154,Ananya Roy,68,ananya.roy@outlook,Mumbai
137,Suresh Pillai,,,Delhi
1309,Karan Mehta,85,karan.mehta@gmail.com,Mumbai
1121,Alok Jain,,alok.jain@gmail.com,Pune
423,Deepak Mishra,96,user8545@example.com,Pune
1451,Meena Devi,65,meena.devi@gmail.com,Chennai
1159,Rajiv Tandon,48,rajiv.tandon@yahoo,Kolkata
365,Priya Das,,priya.das@yahoo,Chennai
310,Suresh Pillai,,suresh.pillai@yahoo,Chennai
199,Divya Nair,,divya.nair@example.com,Jaipur
1109,Meena Devi,,meena.devi@gmail.com,Ahmedabad
1544,Priya Das,44,priya.das@outlook,Ahmedabad
364,Aman Gupta,34,aman.gupta@,Lucknow
122,Aditya Kumar,,aditya.kumar@hotmail.com,Pune
1312,Ananya Roy,,user6122@outlook,Jaipur
857,Suresh Pillai,,suresh.pillai@gmail.com,Noida
494,Suresh Pillai,,suresh.pillai.com,Ahmedabad
702,Deepak Mishra,54,deepak.mishra,Chennai
1238,Rajiv Tandon,40,rajiv.tandon@hotmail.com,Kolkata
293,Sunita Singh,57,sunita.singh@hotmail.com,Pune
163,Ravi Patel,,ravi.patel@gmail.com,Chennai
175,Suresh Pillai,70,suresh.pillai@hotmail.com,Jaipur
210,Pooja Sharma,,pooja.sharma@,Hyderabad
288,Karan Mehta,36,karan.mehta@gmail.com,Noida
174,Neha Sharma,,neha.sharma@hotmail.com,Lucknow
791,Rajesh Verma,32,rajesh.verma@gmail.com,Hyderabad
230,Priya Das,,priya.das@example.com,Kolkata
632,Aman Gupta,71,aman.gupta@outlook,Mumbai
848,Ravi Patel,57,ravi.patelexample,Hyderabad
491,Pooja Sharma,99,pooja.sharma@hotmail.com,Mumbai
1513,Rajesh Verma,,rajesh.verma@outlook,Ahmedabad
272,Ananya Roy,41,ananya.roy@gmail.com,Noida
557,Karan Mehta,39,karan.mehta@yahoo,
1068,Suresh Pillai,47,suresh.pillai.com,Kolkata
1367,Ravi Patel,,ravi.patel@outlook,Noida
1296,Meena Devi,,meena.devi@outlook,Hyderabad
1281,Priya Das,,priya.das@example.com,Hyderabad
1108,Rajiv Tandon,32,user7668@hotmail.com,
1375,Priya Das,,,Ahmedabad
1567,Ananya Roy,61,user3931@yahoo,Pune
117,Rajiv Tandon,21,rajiv.tandon@hotmail.com,Pune
1577,Neha Sharma,41,user3930@yahoo,Mumbai
132,Priya Das,51,priya.das@example.com,Pune
898,Suresh Pillai,,suresh.pillai@hotmail.com,Hyderabad
1469,Meena Devi,73,,Pune
1124,Deepak Mishra,,deepak.mishra@gmail.com,Delhi
455,Vikram Singh,31,vikram.singh@outlook,Delhi
1059,Neha Sharma,,neha.sharma@outlook,Ahmedabad
999,Pooja Sharma,,pooja.sharma,Lucknow
1241,Manish Patel,62,manish.patel@yahoo,Mumbai
1559,Alok Jain,,alok.jainexample,Noida
442,,,user2025@gmail.com,Kolkata
854,Priya Das,,priya.das@example,Lucknow
678,Karan Mehta,,karan.mehta@hotmail.com,Chennai
707,Deepak Mishra,31,deepak.mishra@yahoo,
1008,Neha Sharma,35,neha.sharma@example.com,Lucknow
929,Rahul Yadav,76,rahul.yadav@example.com,Mumbai
752,Aman Gupta,25,aman.gupta@yahoo,Kolkata
797,Priya Das,43,priya.das@gmail.com,Jaipur
931,Rajiv Tandon,79,rajiv.tandon@outlook,Kolkata
1070,Ananya Roy,,ananya.roy@gmail.com,Jaipur
1426,Aditya Kumar,,aditya.kumar,Delhi
643,Karan Mehta,74,karan.mehta@gmail.com,Pune
325,Vikram Singh,97,vikram.singh@hotmail.com,Lucknow
855,,,,Mumbai
209,Alok Jain,,alok.jain@gmail.com,Kolkata
750,Sunita Singh,,sunita.singh@,Hyderabad
1077,Vikram Singh,,vikram.singh@outlook,Ahmedabad
1089,Manish Patel,,manish.patel@example.com,Delhi
1216,Karan Mehta,43,karan.mehta@yahoo,Mumbai
1138,Rajiv Tandon,,rajiv.tandon@outlook,Hyderabad
630,Aditya Kumar,54,,Jaipur
1207,Deepak Mishra,,deepak.mishra@hotmail.com,Mumbai
548,Vikram Singh,,vikram.singh.com,Lucknow
1277,Karan Mehta,,karan.mehta@gmail.com,
820,Karan Mehta,84,,Chennai
177,Aditya Kumar,36,aditya.kumar.com,Pune
1140,Pooja Sharma,105,pooja.sharma@gmail.com,Noida
138,Suresh Pillai,,suresh.pillai@yahoo,Mumbai
407,Suresh Pillai,,suresh.pillai@example.com,Kolkata
927,Meena Devi,98,meena.devi,Delhi
901,Suresh Pillai,,suresh.pillai@,Mumbai
1365,Aditya Kumar,,aditya.kumar@gmail.com,Mumbai
883,,,,Kolkata
640,Aman Gupta,,aman.gupta@hotmail.com,Delhi
535,,,,Hyderabad
331,Divya Nair,45,divya.nair@yahoo,Delhi
1102,Karan Mehta,,karan.mehtaexample,Pune
1317,Sneha Reddy,102,sneha.reddy@gmail.com,Jaipur
672,Aditya Kumar,104,aditya.kumar.com,Hyderabad
1180,Manish Patel,35,manish.patel@gmail.com,
385,Aditya Kumar,,aditya.kumar@hotmail.com,Kolkata
836,,76,user6215@hotmail.com,Ahmedabad
654,Sunita Singh,47,sunita.singh,Chennai
225,Ravi Patel,79,ravi.patel.com,Noida
1254,Sunita Singh,,sunita.singh@outlook,Pune
437,Pooja Sharma,32,pooja.sharma@outlook,Kolkata
1431,Karan Mehta,,karan.mehta@hotmail.com,Lucknow
258,Manish Patel,,manish.patel@outlook,Mumbai
1436,Sunita Singh,,sunita.singh@gmail.com,Pune
512,Manish Patel,,user7173@example.com,Jaipur
208,,,user1163@example.com,Ahmedabad
1164,Pooja Sharma,31,pooja.sharma@gmail.com,Chennai
220,,,,Lucknow
493,Ananya Roy,,ananya.roy@outlook,Kolkata
487,Sunita Singh,,,Mumbai
166,Neha Sharma,,neha.sharma@hotmail.com,Jaipur
709,,69,user3524@gmail.com,Lucknow
987,Deepak Mishra,,deepak.mishraexample,Mumbai
1360,Divya Nair,,divya.nair@,Chennai
1081,Ananya Roy,,user6283@hotmail.com,Delhi
1380,Ravi Patel,,ravi.patel@gmail.com,Kolkata
910,Vikram Singh,48,vikram.singh@yahoo,Chennai
1128,Priya Das,45,priya.das@hotmail.com,Ahmedabad
1142,Neha Sharma,100,neha.sharma@hotmail.com,Hyderabad
1135,Ravi Patel,59,user3974@gmail.com,Lucknow
134,Ravi Patel,24,ravi.patel@yahoo,Hyderabad
838,Neha Sharma,,neha.sharma@outlook,Kolkata
803,Sneha Reddy,,sneha.reddy@outlook,Kolkata
1424,Sunita Singh,,sunita.singh@gmail.com,Delhi
236,Pooja Sharma,,pooja.sharma@example,
371,Aman Gupta,59,aman.gupta@yahoo,Pune
333,Meena Devi,71,,
934,Karan Mehta,,karan.mehtaexample,Hyderabad
511,Sneha Reddy,94,sneha.reddy@gmail.com,Jaipur
489,Divya Nair,56,divya.nair@yahoo,Hyderabad
830,,,,Delhi
1357,Rajiv Tandon,,rajiv.tandon@gmail.com,Lucknow
570,Rahul Yadav,87,,Kolkata
953,Sunita Singh,48,sunita.singh@gmail.com,Noida
283,Alok Jain,68,alok.jain@gmail.com,Lucknow
1338,Sunita Singh,31,sunita.singh@yahoo,Pune
990,Sneha Reddy,,sneha.reddy@outlook,Lucknow
233,,17,user5182@outlook,Kolkata
434,Deepak Mishra,66,deepak.mishra@gmail.com,Noida
142,Divya Nair,30,divya.nair@outlook,Mumbai
1204,Ananya Roy,,ananya.roy@gmail.com,
734,Priya Das,,priya.das@outlook,Chennai
1252,Aman Gupta,,aman.guptaexample,Noida
1288,Divya Nair,71,divya.nair@yahoo,Delhi
1503,Sneha Reddy,81,sneha.reddy@outlook,Pune
286,Sunita Singh,30,,Ahmedabad
513,Vikram Singh,,,Kolkata
211,Rajesh Verma,99,rajesh.verma@hotmail.com,Hyderabad
609,Divya Nair,,divya.nair@yahoo,Delhi
805,Sunita Singh,24,sunita.singh.com,
823,Sneha Reddy,,sneha.reddy@hotmail.com,Pune
1192,Sneha Reddy,,sneha.reddy@gmail.com,Delhi
1490,Deepak Mishra,,deepak.mishra@outlook,Hyderabad
869,Sneha Reddy,96,sneha.reddy@yahoo,Jaipur
503,Karan Mehta,,karan.mehta@example.com,Jaipur
141,Pooja Sharma,,pooja.sharma@outlook,Noida
625,Pooja Sharma,,pooja.sharma@example,Lucknow
612,Meena Devi,,meena.devi@hotmail.com,Chennai
891,Manish Patel,,manish.patel.com,Hyderabad
425,Rajesh Verma,,rajesh.verma@example.com,
443,Priya Das,,priya.das@gmail.com,Hyderabad
599,Manish Patel,31,manish.patel@example.com,Jaipur
1571,Priya Das,,priya.das@gmail.com,Pune
158,Karan Mehta,,karan.mehta@outlook,Jaipur
465,Sneha Reddy,82,sneha.reddy@hotmail.com,Hyderabad
960,Vikram Singh,53,vikram.singh,Delhi
505,Manish Patel,22,manish.patel@gmail.com,Noida
1494,Sneha Reddy,44,sneha.reddy@gmail.com,Ahmedabad
572,,,,Chennai
444,Ravi Patel,33,ravi.patel@hotmail.com,
274,Vikram Singh,22,vikram.singh@outlook,Lucknow
1394,,37,user1151@example.com,Mumbai
136,Rajesh Verma,73,rajesh.verma@yahoo,Pune
1251,Ravi Patel,,ravi.patel@outlook,Kolkata
862,Ananya Roy,104,ananya.roy@hotmail.com,Jaipur
508,Ananya Roy,62,ananya.roy@example,Ahmedabad
1235,Meena Devi,,meena.devi@gmail.com,Chennai
114,Sunita Singh,71,sunita.singh.com,Noida
1114,Ravi Patel,,ravi.patel.com,Noida
1127,Alok Jain,68,alok.jainexample,Pune
555,Karan Mehta,,karan.mehta@example.com,Hyderabad
289,Divya Nair,,,Chennai
352,Rahul Yadav,37,rahul.yadav@hotmail.com,Lucknow
506,Pooja Sharma,,user5617@example.com,Noida
746,Sneha Reddy,,sneha.reddy@example,Hyderabad
312,Sneha Reddy,46,sneha.reddy@example,Hyderabad
1442,Alok Jain,,alok.jain@example.com,Hyderabad
1480,Priya Das,,priya.das.com,Delhi
688,Rajiv Tandon,74,rajiv.tandon@gmail.com,Lucknow
1376,Alok Jain,93,alok.jain@,Hyderabad
576,Pooja Sharma,71,pooja.sharma@gmail.com,Hyderabad
607,Aman Gupta,,aman.gupta@,Hyderabad
1533,Pooja Sharma,,pooja.sharma@yahoo,Delhi
685,Rajiv Tandon,59,rajiv.tandon@hotmail.com,Jaipur
1181,Aman Gupta,,aman.gupta@gmail.com,Ahmedabad
1426,Aditya Kumar,,aditya.kumar,Delhi
1148,Pooja Sharma,44,pooja.sharma@outlook,Noida
814,,102,,Lucknow
1586,Divya Nair,70,divya.nair@example.com,Kolkata
647,Alok Jain,21,alok.jain@gmail.com,Mumbai
1191,Ananya Roy,,ananya.roy@hotmail.com,Mumbai
1590,Divya Nair,38,divya.nair@hotmail.com,
223,Meena Devi,,meena.devi@gmail.com,Lucknow
829,Vikram Singh,36,vikram.singh@example.com,Noida
936,Vikram Singh,50,vikram.singh@gmail.com,Ahmedabad
587,Manish Patel,,manish.patel@outlook,Noida
327,Sunita Singh,103,sunita.singh@yahoo,Noida
502,Sneha Reddy,50,sneha.reddyexample,Pune
1364,Rajiv Tandon,39,rajiv.tandon.com,Kolkata
1052,Alok Jain,,alok.jain@example,Delhi
675,Sneha Reddy,32,sneha.reddy@hotmail.com,Chennai
472,,50,user1858@example.com,Hyderabad
1014,Deepak Mishra,,deepak.mishra@hotmail.com,Delhi
429,Manish Patel,,manish.patel@gmail.com,Lucknow
867,Meena Devi,34,user4222@outlook,Kolkata
1028,Suresh Pillai,,suresh.pillai@hotmail.com,Hyderabad
239,Rajiv Tandon,,rajiv.tandon@yahoo,Mumbai
460,Neha Sharma,24,neha.sharmaexample,Delhi
735,Manish Patel,,manish.patel@yahoo,Hyderabad
1265,Meena Devi,38,,Chennai
488,Pooja Sharma,46,pooja.sharma@example.com,Lucknow
1106,Pooja Sharma,70,pooja.sharma@,Noida
958,Rajesh Verma,99,rajesh.verma@example.com,Delhi
180,Sneha Reddy,38,sneha.reddy@example,Chennai
427,Deepak Mishra,97,deepak.mishra@yahoo,Delhi
835,Suresh Pillai,73,suresh.pillai@example.com,Mumbai
1299,Sneha Reddy,,sneha.reddy@outlook,Lucknow
157,Pooja Sharma,45,pooja.sharma@yahoo,Delhi
344,Ravi Patel,15,ravi.patel.com,Mumbai
1482,,,,Noida
852,Aman Gupta,,aman.gupta.com,
205,Sneha Reddy,39,sneha.reddy@example.com,Ahmedabad
377,Alok Jain,,alok.jain@hotmail.com,Delhi
639,Manish Patel,,manish.patel@hotmail.com,Ahmedabad
667,Pooja Sharma,,pooja.sharma@example.com,Chennai
1497,Pooja Sharma,,pooja.sharma@yahoo,Pune
196,Aditya Kumar,,aditya.kumar@outlook,Mumbai
1531,Aditya Kumar,,user2616@example.com,Chennai
789,Suresh Pillai,,suresh.pillai@yahoo,Pune
569,Meena Devi,60,user7302@gmail.com,
500,Ravi Patel,36,ravi.patel@example.com,Delhi
303,Suresh Pillai,79,suresh.pillai@hotmail.com,Mumbai
397,Aman Gupta,,aman.gupta@hotmail.com,Jaipur
481,Alok Jain,87,alok.jain@yahoo,Lucknow
888,Sneha Reddy,,sneha.reddy@gmail.com,Delhi
1188,Rajiv Tandon,,rajiv.tandon@example.com,Mumbai
1342,Rajesh Verma,17,rajesh.verma@hotmail.com,Jaipur
983,Ravi Patel,47,user9288@hotmail.com,
226,Manish Patel,24,user1314@outlook,Delhi
871,Priya Das,,priya.das@hotmail.com,Noida
527,Rajiv Tandon,57,rajiv.tandon@example.com,Hyderabad
1074,Neha Sharma,,neha.sharma@gmail.com,
370,Aman Gupta,,aman.gupta@outlook,Ahmedabad
1061,Rajiv Tandon,43,rajiv.tandon@yahoo,Ahmedabad
495,Rahul Yadav,,rahul.yadav@gmail.com,Jaipur
419,Meena Devi,103,meena.devi@outlook,Delhi
231,Ravi Patel,101,ravi.patel@outlook,Hyderabad
1078,Meena Devi,35,meena.devi@yahoo,Hyderabad
1547,Aman Gupta,25,aman.gupta@outlook,Hyderabad
1233,Rahul Yadav,90,rahul.yadav@hotmail.com,
541,Rajesh Verma,20,rajesh.verma@outlook,
148,Deepak Mishra,,deepak.mishra@outlook,Lucknow
1072,Aman Gupta,17,aman.gupta@outlook,Jaipur
558,,,user4376@outlook,Pune
1038,Meena Devi,,meena.devi@example.com,Ahmedabad
308,Divya Nair,,divya.nair@hotmail.com,Noida
811,Rajiv Tandon,,rajiv.tandon@hotmail.com,Ahmedabad
116,Ananya Roy,,ananya.roy@outlook,Hyderabad
438,Manish Patel,,manish.patel@example.com,Mumbai
870,Vikram Singh,,user3207@outlook,Ahmedabad
207,Pooja Sharma,17,pooja.sharma@hotmail.com,Mumbai
433,Suresh Pillai,,suresh.pillai@example.com,Hyderabad
393,Divya Nair,58,divya.nair,Pune
1130,Karan Mehta,,karan.mehta@hotmail.com,Delhi
517,Rahul Yadav,,rahul.yadav,Lucknow
775,Rajesh Verma,,rajesh.verma@,Noida
593,Priya Das,,user5213@gmail.com,Jaipur
169,Sneha Reddy,72,sneha.reddy@yahoo,Chennai
1513,Rajesh Verma,,rajesh.verma@outlook,Ahmedabad
1071,Neha Sharma,,neha.sharma@outlook,Hyderabad
708,Rahul Yadav,,rahul.yadav@gmail.com,Kolkata
793,Aditya Kumar,,aditya.kumar@outlook,Noida
1351,Priya Das,,,Chennai
889,Divya Nair,,divya.nair@outlook,Delhi
216,Manish Patel,,manish.patel@hotmail.com,Kolkata
1079,Meena Devi,39,meena.deviexample,Jaipur
1005,Manish Patel,,manish.patel@hotmail.com,Kolkata
773,Rahul Yadav,39,rahul.yadav@example.com,Lucknow
124,Suresh Pillai,,suresh.pillai@outlook,Kolkata
1045,Manish Patel,,manish.patel@example,Chennai
1283,Ananya Roy,,ananya.roy@gmail.com,Chennai
259,Karan Mehta,,karan.mehta@gmail.com,Kolkata
1082,Alok Jain,,alok.jain@yahoo,Chennai
1101,Rajesh Verma,77,rajesh.verma@gmail.com,Hyderabad
540,Aman Gupta,66,aman.gupta@hotmail.com,Pune
170,Neha Sharma,,user8399@hotmail.com,Kolkata
892,Manish Patel,,manish.patel@hotmail.com,Delhi
1373,Sneha Reddy,,sneha.reddy@example.com,Mumbai
755,Rajiv Tandon,,rajiv.tandon@hotmail.com,Pune
551,Ananya Roy,46,ananya.roy@gmail.com,Jaipur
1221,Suresh Pillai,105,suresh.pillai@hotmail.com,Kolkata
1284,Pooja Sharma,,pooja.sharma@example,Lucknow
680,Aman Gupta,,aman.gupta@yahoo,Lucknow
1274,Karan Mehta,,karan.mehta@gmail.com,Lucknow
112,Sneha Reddy,93,sneha.reddy@yahoo,Noida
316,,,user5111@example.com,Kolkata
1532,Rahul Yadav,22,rahul.yadav@yahoo,Jaipur
1347,Priya Das,95,priya.das@example.com,Lucknow
172,Manish Patel,,manish.patel@example.com,Noida
890,,27,,Pune
1262,Deepak Mishra,,deepak.mishra@gmail.com,Mumbai
723,Karan Mehta,,karan.mehta@example.com,Chennai
1020,Aman Gupta,95,,Delhi
652,Rahul Yadav,83,rahul.yadav@gmail.com,Lucknow
1021,Manish Patel,,user9702@hotmail.com,Chennai
1278,Divya Nair,,divya.nair@gmail.com,Ahmedabad
614,Vikram Singh,50,,Lucknow
1500,Priya Das,15,priya.das@,Lucknow
904,Ananya Roy,17,ananya.roy@gmail.com,Pune
1475,Rajiv Tandon,104,user1089@yahoo,Chennai
659,Deepak Mishra,36,deepak.mishraexample,Noida
1250,Vikram Singh,,vikram.singhexample,Kolkata
111,Suresh Pillai,,,
1527,Ananya Roy,,ananya.roy,Mumbai
648,Rajesh Verma,86,rajesh.verma@hotmail.com,Lucknow
729,Priya Das,,priya.dasexample,Delhi
1330,Meena Devi,,meena.devi@hotmail.com,Lucknow
1111,Vikram Singh,,vikram.singh,Lucknow
179,Deepak Mishra,,deepak.mishra@hotmail.com,Hyderabad
1145,Rahul Yadav,,rahul.yadav@gmail.com,Kolkata
846,Sunita Singh,,sunita.singh@example.com,Hyderabad
644,Vikram Singh,48,vikram.singh@hotmail.com,Delhi
380,Rajesh Verma,,rajesh.verma@outlook,Jaipur
1588,Ravi Patel,65,user9857@hotmail.com,Pune
693,,,,Ahmedabad
542,,36,,Pune
1017,Manish Patel,,manish.patel@example.com,Hyderabad
520,Neha Sharma,,neha.sharma@yahoo,Delhi
1206,Karan Mehta,,karan.mehta@yahoo,Lucknow
921,Rajesh Verma,,rajesh.verma@outlook,Chennai
1400,Manish Patel,88,manish.patel@example,Ahmedabad
246,Pooja Sharma,,pooja.sharmaexample,Mumbai
704,Suresh Pillai,22,suresh.pillai,
509,Rajesh Verma,77,rajesh.verma@example.com,Chennai
1473,Vikram Singh,17,vikram.singh@example.com,Ahmedabad
1444,Meena Devi,,meena.devi,Mumbai
935,Vikram Singh,,vikram.singh@outlook,Pune
448,Rajiv Tandon,,rajiv.tandon@yahoo,Chennai
813,Divya Nair,,divya.nair@gmail.com,Delhi
1518,Ravi Patel,,ravi.patel@yahoo,Hyderabad
168,Sneha Reddy,63,sneha.reddy@hotmail.com,Jaipur
1090,Priya Das,,priya.das@gmail.com,Mumbai
287,Divya Nair,19,divya.nair@outlook,Chennai
1043,Ananya Roy,101,ananya.roy@gmail.com,Chennai
1589,Alok Jain,37,alok.jain@hotmail.com,Hyderabad
1529,Aman Gupta,,user7798@example.com,Lucknow
802,Manish Patel,22,manish.patel@yahoo,Ahmedabad
523,Alok Jain,105,alok.jain.com,Kolkata
1285,Pooja Sharma,,pooja.sharma@outlook,Noida
1593,Priya Das,74,priya.das@example.com,Mumbai
1393,Karan Mehta,,karan.mehta@hotmail.com,Mumbai
1321,Ravi Patel,,ravi.patel@hotmail.com,Delhi
1095,Manish Patel,62,manish.patel@hotmail.com,Jaipur
1131,Deepak Mishra,52,deepak.mishra@example.com,Lucknow
780,Rajiv Tandon,,rajiv.tandon@outlook,Mumbai
507,Ananya Roy,85,ananya.roy@outlook,Chennai
812,Rajiv Tandon,35,rajiv.tandon@outlook,Delhi
1196,Divya Nair,,divya.nair.com,Mumbai
337,Suresh Pillai,,suresh.pillai@outlook,Noida
1459,Ananya Roy,,ananya.roy@gmail.com,Hyderabad
779,Aditya Kumar,38,aditya.kumar@gmail.com,Jaipur
896,Pooja Sharma,,pooja.sharma@yahoo,Delhi
1018,Suresh Pillai,86,suresh.pillai@gmail.com,Lucknow
828,Rajesh Verma,40,user3664@hotmail.com,Chennai
1326,Meena Devi,,meena.devi.com,Chennai
711,Alok Jain,,alok.jain@yahoo,
680,Aman Gupta,,aman.gupta@yahoo,Lucknow
1156,Ananya Roy,25,ananya.roy@yahoo,Chennai
400,Deepak Mishra,54,deepak.mishra@yahoo,Delhi
1402,Rajiv Tandon,,rajiv.tandon@outlook,Mumbai
1435,Rahul Yadav,91,rahul.yadav@example,Mumbai
761,Neha Sharma,46,neha.sharma@hotmail.com,Mumbai
486,Rahul Yadav,,rahul.yadav@yahoo,Lucknow
1371,Karan Mehta,22,karan.mehta@hotmail.com,Delhi
1051,Divya Nair,,divya.nair@gmail.com,Jaipur
265,Ravi Patel,,ravi.patel@outlook,Mumbai
1176,Deepak Mishra,,deepak.mishra@yahoo,Delhi
431,Ananya Roy,22,ananya.roy@,Jaipur
768,Aditya Kumar,18,aditya.kumar@hotmail.com,Pune
234,Aman Gupta,,aman.gupta@gmail.com,Noida
1199,,,user1621@hotmail.com,Ahmedabad
1381,Rajiv Tandon,97,,Mumbai
518,Meena Devi,,meena.devi@outlook,
918,Pooja Sharma,,pooja.sharma@outlook,Mumbai
1048,Vikram Singh,,vikram.singh@example,Jaipur
1266,Aman Gupta,,aman.gupta@outlook,Noida
1314,Rahul Yadav,,rahul.yadav@example.com,Lucknow
1230,,,user3160@outlook,Mumbai
1353,Pooja Sharma,76,user3144@outlook,Lucknow
323,Rajesh Verma,62,rajesh.verma@outlook,Mumbai
1481,Aman Gupta,,user9564@yahoo,Kolkata
1160,Deepak Mishra,25,deepak.mishra@hotmail.com,Chennai
406,,,,Hyderabad
568,Pooja Sharma,,pooja.sharma@yahoo,Noida
1450,Rajesh Verma,,rajesh.verma@example.com,Pune
478,Vikram Singh,,vikram.singh@gmail.com,Ahmedabad
913,Ananya Roy,36,ananya.roy@example.com,Kolkata
1329,Priya Das,,priya.das@gmail.com,Lucknow
516,Rajesh Verma,,rajesh.verma@outlook,Pune
561,Deepak Mishra,,deepak.mishra@example,Mumbai
296,Ravi Patel,,ravi.patel@outlook,Ahmedabad
615,Sneha Reddy,53,sneha.reddy@gmail.com,Delhi
1303,Deepak Mishra,17,deepak.mishra@gmail.com,Delhi
174,Neha Sharma,,neha.sharma@hotmail.com,Lucknow
703,Rajiv Tandon,,user9569@outlook,Chennai
1201,Divya Nair,32,divya.nair@gmail.com,Delhi
1553,Suresh Pillai,,suresh.pillai@yahoo,Jaipur
1488,Deepak Mishra,105,user9991@example.com,Mumbai
1458,Divya Nair,24,divya.nairexample,Hyderabad
763,Sneha Reddy,,sneha.reddy@outlook,Chennai
714,Pooja Sharma,59,pooja.sharma.com,Jaipur
1434,Aditya Kumar,,aditya.kumar@outlook,Chennai
1202,Rahul Yadav,,rahul.yadav@yahoo,Jaipur
1505,Ravi Patel,22,ravi.patel@yahoo,Ahmedabad
1137,Meena Devi,105,meena.devi@yahoo,Chennai
469,Vikram Singh,,vikram.singh@gmail.com,Noida
914,Divya Nair,,divya.nair@gmail.com,Ahmedabad
1437,Vikram Singh,,vikram.singh@gmail.com,Chennai
339,Neha Sharma,41,neha.sharma@example.com,Delhi
581,Sneha Reddy,,sneha.reddy@example,Kolkata
204,Manish Patel,88,manish.patel@gmail.com,
128,Alok Jain,52,alok.jain@example.com,Delhi
1165,Sneha Reddy,57,sneha.reddyexample,Noida
467,Divya Nair,99,divya.nair@outlook,Delhi
1414,Rajesh Verma,19,rajesh.verma@example,Chennai
1187,Aditya Kumar,105,aditya.kumar@yahoo,Delhi
686,Manish Patel,,,Delhi
278,Aditya Kumar,,aditya.kumar@yahoo,Kolkata
1598,Suresh Pillai,,suresh.pillai@gmail.com,Jaipur
1166,Ananya Roy,,ananya.roy@,Hyderabad
1479,Ananya Roy,,,Kolkata
410,Alok Jain,56,alok.jain@outlook,Kolkata
1222,Sneha Reddy,,sneha.reddyexample,Chennai
1301,Vikram Singh,,vikram.singh@hotmail.com,Jaipur
1177,Ananya Roy,,ananya.royexample,Jaipur
369,Vikram Singh,103,vikram.singh@yahoo,Lucknow
863,Alok Jain,33,alok.jain@hotmail.com,Delhi
1367,Ravi Patel,,ravi.patel@outlook,Noida
219,Suresh Pillai,87,suresh.pillai@example.com,Kolkata
845,Divya Nair,37,divya.nair@hotmail.com,Noida
1249,Divya Nair,,divya.nair@outlook,Ahmedabad
386,,,user8052@gmail.com,Ahmedabad
307,Rajesh Verma,32,rajesh.verma@outlook,Delhi
1289,Ravi Patel,,ravi.patel@hotmail.com,Noida
456,Aditya Kumar,,aditya.kumar@outlook,Noida
554,,37,,Kolkata
1097,Rajesh Verma,79,rajesh.verma@,Pune
822,Karan Mehta,,karan.mehta@yahoo,Jaipur
842,Suresh Pillai,,user4648@example.com,Lucknow
222,,,user9273@outlook,Delhi
1422,Pooja Sharma,60,pooja.sharma@yahoo,Chennai
1466,Divya Nair,,divya.nair@hotmail.com,Delhi
277,Deepak Mishra,,deepak.mishra@hotmail.com,Delhi
217,Rahul Yadav,87,rahul.yadav@outlook,Lucknow
766,Suresh Pillai,,suresh.pillai@gmail.com,Noida
1236,,70,,Kolkata
882,Sunita Singh,,sunita.singh@hotmail.com,Noida
1539,Sunita Singh,81,sunita.singh@hotmail.com,Noida
1541,Priya Das,88,priya.das,Jaipur
965,Alok Jain,,alok.jain.com,Hyderabad
875,Priya Das,,priya.das@gmail.com,Pune
928,Suresh Pillai,99,,Chennai
362,Divya Nair,,user9593@outlook,Ahmedabad
452,Manish Patel,53,manish.patel@yahoo,Jaipur
815,Sneha Reddy,49,sneha.reddyexample,Ahmedabad
810,Rajesh Verma,,rajesh.verma@example.com,Pune
384,Alok Jain,,user4153@gmail.com,Delhi
1294,Ravi Patel,77,ravi.patel@example.com,Mumbai
1248,,,user7707@gmail.com,Pune
880,Rahul Yadav,73,rahul.yadav@outlook,Chennai
334,Manish Patel,103,manish.patel@yahoo,Lucknow
405,Rajesh Verma,48,rajesh.verma@outlook,Ahmedabad
329,Alok Jain,,,Mumbai
1404,Ananya Roy,,ananya.roy@example,Jaipur
375,Neha Sharma,45,neha.sharma@gmail.com,Pune
1212,Vikram Singh,74,vikram.singh@hotmail.com,Ahmedabad
531,Pooja Sharma,,pooja.sharma@yahoo,Hyderabad
1260,Priya Das,71,priya.das@hotmail.com,Noida
691,Vikram Singh,,vikram.singh@,Noida
198,Vikram Singh,,vikram.singh@hotmail.com,Lucknow
1410,Karan Mehta,75,karan.mehta@gmail.com,Ahmedabad
674,Ravi Patel,70,ravi.patel@gmail.com,Pune
330,Ravi Patel,,ravi.patel@outlook,Chennai
1343,Aman Gupta,86,aman.gupta@outlook,Jaipur
1230,,,user3160@outlook,Mumbai
1194,Rajesh Verma,44,rajesh.verma@outlook,
694,Sneha Reddy,,sneha.reddy@example,Kolkata
109,,81,,Kolkata
1348,Divya Nair,92,divya.nair@hotmail.com,
194,Rajiv Tandon,84,rajiv.tandon@,Lucknow
996,Aditya Kumar,85,aditya.kumar@gmail.com,Delhi
139,Rajesh Verma,,rajesh.verma.com,Lucknow
1477,Aditya Kumar,30,aditya.kumar@hotmail.com,Ahmedabad
1504,Divya Nair,27,divya.nairexample,Lucknow
525,Ravi Patel,89,ravi.patel@example,Hyderabad
414,Rahul Yadav,,rahul.yadav@outlook,Mumbai
1044,Divya Nair,,divya.nair@outlook,
1327,Neha Sharma,,neha.sharma@yahoo,Noida
671,Suresh Pillai,75,suresh.pillai@yahoo,Noida
1053,Aman Gupta,23,,Hyderabad
1336,Karan Mehta,,karan.mehta@outlook,Chennai
1275,Priya Das,90,priya.das@hotmail.com,Delhi
1098,Suresh Pillai,98,user5260@gmail.com,Ahmedabad
1509,Rahul Yadav,61,rahul.yadav@example,Ahmedabad
1257,Aditya Kumar,,user2407@hotmail.com,Chennai
1144,Alok Jain,,alok.jain.com,Ahmedabad
160,Sneha Reddy,90,sneha.reddy@hotmail.com,Mumbai
760,Sunita Singh,,sunita.singh@,Ahmedabad
1349,Ananya Roy,,ananya.roy@hotmail.com,Hyderabad
358,Rajesh Verma,,rajesh.verma@example,Kolkata
899,Manish Patel,94,manish.patel@hotmail.com,Chennai
1132,Deepak Mishra,,deepak.mishra@gmail.com,Lucknow
404,Ananya Roy,,ananya.roy@example.com,Noida
547,Meena Devi,20,meena.devi@example,Ahmedabad
539,Vikram Singh,,vikram.singh@example.com,Jaipur
1550,Neha Sharma,89,neha.sharma@example,Ahmedabad
1174,Divya Nair,97,divya.nair@example.com,
140,Vikram Singh,40,vikram.singh@outlook,Noida
564,Sneha Reddy,33,sneha.reddy@gmail.com,Ahmedabad
952,,,user9357@example.com,Hyderabad
229,Rajesh Verma,,rajesh.verma@outlook,Ahmedabad
719,Sunita Singh,,sunita.singh@example.com,Kolkata
939,Sunita Singh,,sunita.singh@example,Ahmedabad
725,Pooja Sharma,,pooja.sharma@outlook,Mumbai
1271,Vikram Singh,,vikram.singh@outlook,
1217,Divya Nair,,user8721@example.com,Hyderabad
1161,Deepak Mishra,,,Hyderabad
706,Meena Devi,64,meena.devi@yahoo,Chennai
1200,Rajesh Verma,27,rajesh.verma@yahoo,Jaipur
1305,Rajiv Tandon,,rajiv.tandon@gmail.com,Ahmedabad
651,Vikram Singh,23,vikram.singh@hotmail.com,Hyderabad
1213,Rahul Yadav,,,Chennai
1136,Sneha Reddy,,sneha.reddy@outlook,Mumbai
977,Meena Devi,,meena.devi@hotmail.com,Hyderabad
144,Sunita Singh,28,sunita.singh@hotmail.com,Pune
262,Aditya Kumar,,aditya.kumar@,Kolkata
717,Aditya Kumar,97,aditya.kumar.com,Jaipur
580,Karan Mehta,45,karan.mehta@example.com,Jaipur
831,Suresh Pillai,,suresh.pillai@outlook,Ahmedabad
176,Sunita Singh,,sunita.singh@outlook,Hyderabad
113,Rajiv Tandon,,rajiv.tandon@gmail.com,Noida
197,Manish Patel,,manish.patel@gmail.com,Hyderabad
946,Aditya Kumar,,aditya.kumar@example.com,Mumbai
304,Divya Nair,,divya.nair,Ahmedabad
1372,Rajesh Verma,,rajesh.verma@yahoo,Pune
995,Ananya Roy,60,ananya.roy@gmail.com,Chennai
843,Pooja Sharma,79,pooja.sharma@example.com,Delhi
464,,,,Noida
856,Deepak Mishra,16,deepak.mishra@yahoo,Hyderabad
684,Rajesh Verma,18,rajesh.verma@outlook,Mumbai
864,Alok Jain,,alok.jain@outlook,Ahmedabad
342,Sunita Singh,,sunita.singh@yahoo,Kolkata
255,Pooja Sharma,75,pooja.sharma@,Ahmedabad
